1,0xa58b5224e2fd94020cb2837231b2b0e4247301a6
15,0xF78229f4F3EF95FecbEA50239A26339B5aD2d31c
42,0xbC8559D24EC625D2e5b91dCE91F44384A2F5bE4A
85,0xdcc51076a4d5fdd7e69c6cce809bcd413ed2adb2
93,0xAeFFdf4a5baECd175f3F73d529fFeD26f5e83ec7
94,0xbe3E6eD1D5e5FaA58D98693eA6e2CF4f2c80b426
98,0xb82671D8a6bb3B3077c940D0344df0b99e64aC22
103,0x673f01361566B6f2B402CDaA4951719A27C738C3
105,0xe785afD390bccC9110923B81d8AB04edAFACb971
108,0x25dcA74800852cd9E384970A9e6a29151Ff0eD8F
117,0xD88e73ad2BFa1CEc029DEed18eC5E44d2dcEca1e
118,0x534CC87f046a52a99F21958114A7872c02fBF9BD
120,0xF588337ac1E58F363Df651CF3E365876CD74831b
121,0x52F3Adf1E91DD96EA2A4BCcc4e6F56757300ccd5
123,0xEf9A88Fd0232c477018F2131168F67E2bbe97d92
138,0x7Fb64B2F778A5b5f275ddfF3A7D638C496D79769
141,0xe3E58fa3994AD30A66FA2Def7a553673EB40c499
146,0xCd1aC8220c5493E30c6d1888690a1aFB63a0Ffda
147,0x7fCfd34a7ff035fa19505646DAAEd4a3Cb88891D
148,0xE548145D4e134cFFC2e2bC3C75c7BaD3b04538ce
167,0x6E4E6091Ed4d13AD4F504d53239291269d474f6d
179,0xB2FA4B108bcB7Ef72c4457aF780621a5d4B4Ee94
192,0xf655765519865cb47ff3069276370594f6bC93A3
200,0x95B1ef71EB42d3129F9CeaA7Fe62cb1E24384307
206,0xFc30c1E006dE173984155adBc4E62C55Ee7acFF9
227,0x92f78228c1c1f5debd854ebe7818cecffb6e5431
250,0xB0803FA86a9987E2090eAB62Fafa486B601fA37b
253,0x3BC8Bea4a6A8549f6b8CA06D48d7F260A992Dac9
277,0xc58d5ec9b31516321CAd1d0Cfd4020545843606a
300,0x7334CB2517B82AeC8D5f45F7D5a2E76E71B3B9F1
303,0xfa0dEE816364275BeCDf8b3779B0d9e54a5F5b98
431,0xE0791266A78c269157daeDE809f0ef6C20A16fe8
461,0x3ff1b53c047b71b91cb8818bd66db5a3a075f53c
640,0x59f41e2116f7d1b524c0542aba0481ecc0eacced
645,0x7a8bae601A7c45FBC07C3BdfFe436b0b504e1e06
1005,0x923494d3155321f67E1734501F89802B9690E6b9
1073,0x477B5c038f8529e5e94D175405D3Cc7af1432723
1079,0xC9C9e493F0C35FEF069a217D2b79b940c1ec12d5
1164,0xc2C2a525Ec793998052b7DB2478f82c0aAEA9298
1167,0xE0426BdFD79728B6E6ceD595AF94C3c04661bf29
1171,0xf0ed8966761D514DFE247bcAAd66969d7b377632
1199,0x2053491E08FD412dc5Aa741Fd6eb858d3A2a9950
1202,0x820cf0742BB360D4F15147b843251563f2B37c36
1252,0xbCc0CD488532f0888c19Fd03CeA2b4dADDFd9Faf
1256,0xBE1A0FfF54c4ea137253d38bd369D65c0F39BF8A
1270,0x141C9777F9162d1424468FC0F58CBe4935A8687A
1271,0x206acc7390f1Ce7083a7eF65b9943a90d92E258F
1286,0x37FB92FB434c8248c9811e1e42239F8b85608CbF
1297,0x98F7A309BFf2AA6573b14Aa4e09D80f3c7673665
1328,0xF3F28AB8Daf2670544Fb277b15D6464050D517E9
1331,0x8A35B05487d8Df8dDA898Eb329b54d5b33928748
1332,0xb0869d57C37570Ad7a5C808F27363B42b25035Fb
1350,0xedE71AC50D9b1f50C939F135d1f8391fb7856333
1380,0x654273E2EF757289EddaC9eb69fE64701B51dfC4
1381,0xF7aA3D54B447d95528bB2C58213D75DfDc7c9814
1382,0x2d201F455B3B1644823f6c064Bcf3F7814B1e5aA
1384,0xe26E83B18D1b9342e44250204b3A79913F85107e
