2,0xe6Ad1ce1b293eEC8Dd996618F6d60dd8fDa19Cfa
3,0xFC5E1cb18A975a85eB2D55B5b9D54096D3F76f47
4,0x1Dd074f397dEba7e58bce2AA8A5023819EEdc322
5,0xa6C8Ded70B671dbf18a40C8FC9185438FbF54145
6,0xCc339cC16AAcCD1c9b2E81C6450EEB659601C6B9
7,0x9D2A91384FebA62fb23753C21aE95f2E81fDB683
8,0x21b47843BcA8895763463e79E8eF0D20aAD9eEb5
9,0x59937D4676564Ecd1aC99733C5A12bDA89BF6749
10,0xee4F7bC99884C222f27302B96f3C97Aba510A3b0
11,0xe24C6AC3c525622877f70CaBb6E4bd4F610028cf
12,0x6f0e7eEB98d1b1b4787Aa5e4E84192e20056303f
13,0xe629736DD09650B8Cb5458f82b7AF94c1aa2C48f
14,0xD025da701332B852d0446DCd925dD4EAA7e8FB6F
16,0x9fb2aAA3B6ED585BbF4dab4185bfa7b85490ecB0
17,0x1602a6563054076830Fb0722C5AEF51c411ecEC0
18,0x671A75aB9a13C6230b6EAf4d46DB3A367E89873D
19,0x527A5E544632A12b2bbcA8f3e0aEaF3De599e95c
20,0x1eBd23c0e30d4f6Da336A9C1dE30A5fcA6CCA606
21,0x293aB7979d6a0480bEA70293970CD1463f68f8dF
22,0x2aa2D0ca7dDb3be56899E47F750A3DD271216bcc
23,0xD3de836E01c47Ef84D384E4069D75E91f8064181
24,0x82bAdFED0C5a89c6c4f0512462c528eC9132324b
25,0xA12295D0EaD2f22f1EBf273AC456A5b9b5a6F8D2
26,0xB911a08aA27F200a4EFaC55BCFe8A48792157F3d
27,0x00Cc3E59bF8ae48057f992217BF094ce0E829ab1
28,0xE20eB2EBdd4Bd76D56fBC6c2E66aCa40fb581e8B
29,0x7129f2Ca5a58486d9E146D52101c1D9b5B8604f8
30,0xc3A602D97EbFC29C0c84F1F5a7AB8c551f1418ce
31,0xaDd4f7E0A56b6F3e86e4a62c0545c50f16B18Fb5
32,0xB87f7664ab4039F5015ae7E102fF0c4d1aF55121
33,0xA0522aa6Df40Da2c9aE1edA5187b37a0b1D17B68
35,0xE371855b54b0C8541Aeb4B5CD87964283CaCe4b6
37,0xa4135BDd54223BfcaD299aEb6f0797fB9eF08d9E
38,0x2eCCb73F6B1f049b00B4565853aF0B96353296A9
39,0x55a1Af6D07bEbB600BA8e8928f1Aa121f3061A60
40,0x1b4dE6970eEa283D152af09460D51adF6192F280
41,0x3b40b0071a79684215EF61AFb7954B0DC6eeBA4d
43,0x50Fb2039F1C69Fac3e9198A3993ec6e1f87c818d
44,0xA66859566EFf555a5C0212fCC534059459a01cEA
45,0x9e87b79b99918623E7b9663CcC820EfD60579493
47,0x18B4d9B5fD3e2B7fBf4B6F7b63A55ED3Cd81Bb2c
48,0xf088332428b16889CBB1469c4Cc6Ab5E2D2D36c1
49,0x4A3b9bcD05DA692f45af0bc074618E3ABeAE2ea7
50,0xD71Bc9591aA37d87E6D602184A84E68c550c9F11
51,0x6FF30a43082Bca8b19376e41D5Bdd679098dc28E
52,0xE95F742CB231E6984322790a369Ee49430fB09bF
53,0x11E5b71D1248d03957998D3e4eac5063773924D2
54,0x3e45Ba2152396299C6aD3e74CCE89B15E6F1dcD5
55,0xCd161fc6dFcA0d6BdaD71a96954ae22755a121B8
56,0x85680e45695FC0c6EAA44cF45c4c5b0D63f3187B
57,0xe32b8dFA6591D64cc5428fF3eC05f1Ff18bca28F
58,0x940678Ce52DA2F5513db982230256365947651BE
59,0x4350a4402c6619A27a7b4c5f464060A91ae3163A
60,0x7e3427ceFA9f1C498a22C46020Cb70e8998eC052
62,0xbB40bC520737ad6500389A4651dE4692fdAcD706
63,0x5d44EC5de6Bd7107e72f88B19313f89FA90Fb282
64,0x16B6dfc56c14B74E311A2a7E67A9C2c955CEc7EE
65,0xD68ec2A8D2b5818B2459681BB4A210076144e8cb
66,0x6690a1995650F025ae867c7dC1249459cd3E46f9
67,0x9306AF3F24F54A5000d1Fd9eB740fCC699BB12E1
68,0x9BabBAfbc5B2f13C155410258C3719BfC0EDE320
69,0xe59D751b3BDf68fec885d4319D494d99D81F2cEb
70,0x4C044EC655Df4c8E2188F7E08D32Dd78BB7BDE06
71,0x4ac3191894614E6287f9FC3370e414c309806fA4
72,0x9A100b48eE9A2F27d48c650A2dc198864D5A60b5
73,0x49B165f75EEdcdBD99BEa60e1686aE661d944763
74,0x4A3B8DCa9b1cBa5956A0646A6AbCE2438C2F68A5
75,0x21274143fB7B070AE2f5d0205a297C174062C9f8
76,0xA1FbAc60aEa25CfD1A0e3dE05C3DB57db8f4A462
77,0x2b7449816B49d93526211AEd4836e9ea3D460280
78,0x84473A717Bf116E058E9d58FC12412a27820aCA5
79,0x32C0e44Cda9D58CBb641D493Dd83D61692862754
80,0xb31016dc3e12476B51ae9ABBeD9b7056BEBabe5E
82,0x38946a6AA6b3dFbbf2329126E44c26D7D3d742a1
84,0xC70Ff79F84Dce8510E8b5Df6F35Ba83C38328eEB
87,0xc7aD722C33b6754881d84130058F7d3b9E7bb215
88,0xb31DA897e52244247Fa79b5aeE2F5d849dFAAd6c
89,0x69a3ac81073B511Fe69f5dEA7748C2e401DEAED3
90,0xb92CAeE048CB3d29B6a0b896298f13B2cbE69166
91,0x6d1f597a8cb1490E96927eabc664bE0107EB98f1
92,0x747a4e3437f0d90D645870e54A1bc24c4eeFFD6E
95,0x5A494287D8AD3eaA628578BA9E6688C32f34952f
96,0x48b1Bcf1C57737c52d08A0049cf53dF9Af1A3A05
97,0x3EA028B29c74355a55a55686e1076a4601b3f3dd
99,0x671bdabDF9303F525Ac1fcF744335D761fF5065e
100,0x4d5C8c746858Cfd7800A61639614d5fe3de273F9
101,0xF2879D4123986D60872cf8efd044adb0e3DBf546
102,0x2649B22cd178691D7462eB91aA33659f4a4675b8
104,0x8545d4bbf6D00259B8c8434CCBA20AB46d2C2117
106,0x5DBe0108ae8F5D701616D4B6264070252DfFdbDa
107,0xA72E39D968b60D4f14504f6A4896B55027DE922F
109,0xB7bb647b444BB7A0c5E4468075995C0eFcAd7349
110,0x4e93dF523Ad33a7a19Ff4B56394FA884c487E3D0
111,0x86081cC33A0066e2C9fa08978c55C85EB2B5F28c
112,0xC9995A232c8A90F7a785e02CFc5E07097a9dbC06
113,0x5bb2127d3F929F644461E699f2e350d4Fb2C13b9
114,0x04B24f60E1ab3100f651644b0182C56cC6315D59
115,0x59357696CCC0aB5238e9262328bD390F2270035b
116,0xDD56A522EB4B892B5ec81600f4723103BF0775D2
119,0xAcFA270Ffc87aaBcd102b04818Bb62eea804d13C
122,0x9e5365F563E6CA2C9B68f330eCA8D6e6CdF4360D
124,0x68950baC2De98692A9b093fbCAB1f38e20e208F1
125,0xFF040E99990Ca76eB41b309DCA80662196F0F891
126,0x41C9ab3A6F9C89f5633fd6EcCB5c8f9167f4Aa6B
127,0xDAE4652d40130ac240E0532aa49DAafA4524a054
128,0xd5B6891d37b65a1e613f7474EC1C018381b81AD9
129,0xd9e9146538e9691758f95b7f3b43A37a8eB45B9a
130,0xf2cF1Ee00414bc601ab15900b2EADEC0C30d50E4
132,0xc7DaE6540a6a0C07FEedE720b848C853D062F15B
133,0x3f5C61b6a9cB384b410AfF38cfE92b2411a566b0
134,0xB13aCd31926826E96CC5820c838e437B93d4b23D
135,0x4949d4Cf7E401383A70fA39236f440Ec704C55B7
136,0xcB651bb4aa958B2390cd492779C26a02B77DD651
137,0x6cA040FaBd0A5022863eF8d61364DDdb98e2a9dD
139,0xf163Ee6e6F6aff1F12F31345A68e6aA51FfE235C
140,0xd969aBE117D4A081043d3140C1F1c3c498A0fCE1
142,0x3936Cf665078A9D4bD9713BAB46002ddF2f3348D
143,0x6E08dA24229F9D33b810bd17290252B8F70f9334
144,0x9C23a1FA4da99e1f72FFA94e3033801B2F18FE23
145,0x863371831898718313e86B3e88B9fA10108Dd958
149,0xa6569a5238029104bbC78296F71C90252E7c144a
150,0x4ed1c0bA4090601108dade3f8e2F3DCA6b67BCE8
151,0x69e7e9Ec5e4702789023873F7811B37a8F4807Ff
152,0x557AD46bf624B04B1eD5D5e7f2e5FE67005f27E0
153,0xf754Eaa7D7A06A9aAfCb8402826A1C08AC8aCf95
154,0xe4963FD7B58B36DD6d87b5B00C878c590609C8bE
155,0xEBeE5A2da1e4Bc69D44D6e2560488242E7CA4D25
156,0x473AB5cF8551FCd6e6Ecd5034225f13CdE521b15
157,0x05Bae56Cd6aD58A8a35E59dd4408B8C0e2b1843d
158,0x49E856113224B3D8112A36bFD14af7C0d82FCC83
159,0x87eAe8e619421D6646cA91FB8B7CF325f80318C2
160,0xa3fe46285D03C8e441E806b19d38a6f2e2Ed4547
161,0x2E582BC762086123Cb71337B73813373ff35dA66
162,0x8C57987291B84Cb267D95667DAA907da180e01A8
163,0xbFE5E958c257204D07e9B495B43ae669A36BE7DB
164,0x566a5307F772330934F06c53c78B932f81FA537b
165,0xd1A6dF5757Fd3Fd69a4c873d3006Ea638B69dd04
166,0x1a61EEa0E0eA31E2Da5490Dea6aa628711C725da
168,0x88d1ab68e21c01EcA480E1d112Dd8f362bCc95BD
169,0x13Bea3521a492F1AeE93ef64638487Be1B4A3A2e
170,0x5b024e9181d5546F3c520f460B71B1074F6483C2
171,0x369ec750840E2095B93eC3ADa48F5293C2f06c99
172,0xD0f505Ee503C697B8aAD51c088cA4e426dE6Ff9b
175,0xb600fD163C53d48D6B7EA322F431ac5eF28AE500
177,0xfCf44125A074A61f37Ce7E86c39901A23DE0d59B
180,0x3001A1fdc341168e5799B94717A8276c1FAe71CE
181,0x3778c12dAB937D01C6c4ee6D8d9EA3BEe2755030
182,0x0c1b9Ebafb9FfE0A118fa115F9F18D9Ca14654DD
184,0xdc241d4Fb36dD7AA6d1cd6b6A73467b7a3a9ca14
188,0x77ED5013Cef5b0fe0578f4210af93c1A258fcF18
189,0xA72b6559e5960031877FA983dd7DbfEE3d528Fd1
190,0xF797AFD1241384710cd0F41D15e7661e084A41F8
191,0xd65F29eDc589e4137Fb7Cc0F128981AA0BCBCAaf
193,0x7b5A41c6bC373a700C1949a73d0E905F5de09c20
194,0x976aE1E491d4f2622EE3948bc8bb0aE536E48cfe
195,0x713F649b88fF460Cbe12D55D68bEC1413438dA04
196,0x7C9a4b51b11886a3d15Cf4D86ddB730b3B05b054
197,0xC7da1f27e37Ca1794b7A0BB90f80195E0A7605B4
198,0xc921CFAa09bAcd31ff17567e512099a18f384aA7
199,0x0fEF26BB9b95f7CF044C79f7a1305C9C735D54d9
201,0x44F41D998CD856913F7e41Ff0EC2127710e35bA0
202,0xfe73A17a70c6342A26187C074de8e56F146E9Df1
203,0x4652697C3C8941c72101273495C46c123BFfa907
208,0x1663998A07a68c4ac3572fA04C640D5be3Ca28C5
210,0x3A9de1CB4D48f14578f3b0c8844e4337777f3d8C
211,0x2549DA98294009e7D6e6495537bDa5Bd29C73511
213,0x22ba509C9B6362923985233eE05235F885a01B4A
216,0x56793765CFc7EdD9Cbb2897265204F5bA143765D
217,0x10eD8Ec49De5B79B5132Ce962094cd3304B48723
218,0xf01B0ca3cE448DAb88974Ca24be801dBe7F62c69
219,0x130abD18D94Ac2e997C4F4384e1B322f6ABFC61D
220,0x000c4644FA32C8E18E550754E9d183f364e44D67
221,0xfb19c3A3c52cDB7d3393941229D8e179327Ea307
226,0xAF65b2e67970B574933D73D3895c344C505ab22c
229,0xe7aB89fB1DF41d71dF61b341fbC03b5Fc946d212
230,0x5d457834e57DCFA271fa875005F79B51cb0Ed73d
231,0x516A0C84cEF4C7E0a1f19c2FD812D92e1BBC7CfC
232,0x7f3CBA0ff79b9062552CF685AD132912AF76f215
233,0x0cA82e00823D4a92ff1F52c265F19e3966Df07b9
234,0xF660B5c5D5d7b8066be899aD9434De36aB218530
235,0x7cECa6B2D3De12Dc4fA5E1F35834dAE464ea56E8
236,0x141B3E6A84C88209f611e95971a2504e6E0D2BA7
237,0x8444f02EeD22c5b9A1faaA581fD9057D93282c7C
238,0xF8a8a865fC4b994A8Aa7CC7C101088a2796a8436
242,0xFf7C5f672C39664BA7c94E9e11F33E4BAF323025
243,0x35f9e2FaF6103766600cab2472ECf7d194FE61c4
244,0xb8752E3E16fBcF57Ad6e319B83217aae66C94c5A
245,0x5071E14De07863325915D81363b2703cf1eE6fA6
246,0x63fb796f2C6a191d3BAB03Ea7E061168Ea5B3E6D
247,0xB71382AA8004bE17fa586b79Bb98a2701c63bFF6
248,0x35C1eb3d008bbCf536152748ee0E1D88E18B2D90
249,0x3e56e3f913b61942e9C5e98477326Cf21430420A
251,0xE7e827902F9017e421645568bBfc11D18a50cA68
252,0x1EeFe44419aD01F097E607366a203051197E61c1
254,0x61D454589b08d1cC72962cB9e488ACc3A08CD9b5
255,0xEa5050eb8Eb3ba0b56960020aD892eA903D9de5A
256,0x9b1fB8AC71F1e511f026f98B886B6d1fc657C99E
260,0x92EbAe7f0A955AebAE4292e5592680F42A4f0Ca4
261,0x31Dcd8fB7Cc5956506276bA881BE12445152ae10
262,0x80c6782aD5Acd41aFaF5c611a5f420A03a0C1254
264,0x3EFa62Dcd020986d6f151Dc37d8dbc7B79a480D8
265,0xCfc1b28CF2f2C8ee028Db069eda11628f7c65175
266,0x666eAb85DE33A0365EBfbd48e86113AE5a75360d
267,0x7DF5ca03EEB812dD83C65D74Ea5410616E4C5fae
269,0xe54aC722918e74Cf9D02AF09f80c85Bc8e4cC8E2
270,0xDD515A3A2b466e455C91148404775AbD3D686480
272,0xA9b7f8baB37279Fd2cf30D79401B4B6451F262c3
273,0xFFbadAC405e231D11eD6cd5BCD67E68B1A313fd5
274,0xbF4CBa015aD17FAA2d19Eb0A802940F14A705Cd5
275,0x99D383EEAeaE6e57C304a616048DC481C5d5753d
276,0x4645d9593020603b38695B5030EDa234b47c762A
281,0xe86290De64Bb572Ff1FED5f97Ee2A06Ab9562865
282,0x2a9e7F6eb517bFc6bf08D9c28E8E1D303cF4c2Fc
284,0xe7B104e8De41F5cEc1b447FEE4a78efbe7C04F6e
285,0xF45Fda10F83eBAb76E5b442C1D557ac5b077FAA0
287,0xcb7388a45a4b4cAF834c482028190d7618BdF0CF
288,0x9f13c5B69F4E71CDaA488E6c05cAa9BC3e96c8C5
289,0x414459aA18dbD32081D24D3FF48874a317D42c04
291,0x8fcB336BF5095B64F3d469003cba9091C286FD22
292,0x0d8FFC6a15Ce2A904b63849EFeB38E4Ab737391f
293,0xccad1Ab6C5d0f8d7e852983723AC3d0875a253Ff
294,0xBbf177CE3afeFFa489f06D6Cf928Cd1D58b7DE30
295,0x6300a426fDd67C80A1dBE0D05F4163355fCbFC94
296,0xc3e2d233D56de2F5FF5C404f0E967746A836425a
297,0x81a1B0317f3C83d05615242694000850b25024c4
298,0x41683fECc445169324dF6F8A630E0d09136d0Be7
299,0xC73d1690829c76FcAB9f1956045eb6C6099039D7
301,0x30EB901a0a9EfE8c31B78b31D2136CEf7df43667
304,0xb337Ba15eAc1023dE518356Cb027d779433dF4c7
305,0x7300F66027e9F35A5B99961C2D17205D5F69B92E
306,0x1bBa6F95f96D259F0F27F0728B06598cE8b5e66a
309,0xDaD91A98E6A1784AE086FF201e88d37789022549
310,0x62b588B2F93526B9C323bE1d4F9d139Fafd2Ffe5
311,0x36dc464488B00C75BeD5FB2A0472a2b2daF6A7aB
312,0x57D07ca3B7aE2Cc4986A9AF82eEDc167CaB45e93
314,0xfF94fccAeC6Dd005cE3b5cf8094C834Bbe8A07b8
315,0xb4ab4c01302478e81F85A2999359DB5cdA784dbA
316,0x4ed6Cd77105CcF5d5D5D43F11f62E48C3447a2A4
349,0x71471BdEBE7A7dD4694D19E10234E2F15fD1aecC
350,0x71c53020D3637514Be1490186881E56dc060196e
351,0xBcb11b83bE1261479BAF3345ECac0D5de52B7b7C
352,0x4e496620C21F4ac611ebF57684499d25e7bD93fE
353,0x1e3D804415dCbb7ceA3478f176e123562e09b514
355,0xFCB8C4CAF9C87e87Ab5b7829D9B1B534e6D0b98d
357,0x6A77a6ac27Aa82EF8516F02196C4A3CCdC06395f
358,0xd35bd3282d4214ec148d85c207b51393991f08bf
359,0xf5e0f309c45b741388ca0a317bde96251f1d9282
363,0x597C18b1bba60974179b8F0dfd02Da4fEB1CD441
364,0xC3b0e605df827c04daadade98A155a53fBFB5485
365,0x17ccdE2a3b6F4AcCc6dddd046c675EA7c8f11D10
376,0x471926FfCB927e88AE68C64720A4DB523Ba750c2
385,0x19C56EF06C1Fb05EDb4A59C8AbC0f5383c735eed
394,0x5033Abd823D0bdBD323fc1F73855EB1301017D7A
398,0x50E256b0d5a5E100E3caa7903dEc892fA9f29965
403,0x9dE6321d966dEeAe592206a30Db24d6e21661F4b
404,0x01aBD5De7297790c1C56C7aA48BE2e9D56EDd091
405,0x634d3Ee987F7CF6a6eeFC97f2B75C1383BD5B231
407,0xA384d0f9b3A163dF5154B819B3C0418dc78f36d1
409,0x7bC48b21d4985EB8F34807A389161192832dB924
413,0x1838918D824eA807a647392cd015dDcDa221b415
415,0xad1852569ca6209fb620b7e290d7d3bd7322681c
416,0xb0652CEC42bcfA26d8c3Fae8F8A9Cb3207f2b9B1
420,0x6a0818dc66a1285356419c6e4581009a5ea800af
422,0x07201e2E91719FF1883154477A7197F5cC5abe3B
423,0x2923C9ee03Ee60d4b581971B9FbD45b854aC37c9
424,0x6D037704202e519BB74EF824B376C5d96F1fBce9
426,0x2465a78819Fb508c0a756B9d1fF7c67f1b2d2cF2
429,0x30c42869c8374d5b30e12319195553fCcc007903
430,0xb8321b59AE0F65f2abFcE6EceF52a87dF9A6192a
432,0xC11456De752894B5213122B98A47c235aBB34D6A
433,0xBed01a29619662A0bd7bcC33c25295a8eC8b0435
434,0x2a21088De3716F709F17e74643985562B3Af9f7b
436,0x6Fd04D362EDBcaFc835c1D49B05A7A32bCE049D1
439,0xD3CC7B903d17c1C6eC709DF6Fec28A93B46C9bF3
440,0x4BEE86b0e6F5b0622F771D7727F294E09b554C12
441,0xcc3dc87fbc153190fe79d58a43ec46b0606250e8
442,0x059aa8a24405069b7e566cde86595dd8ec2020a2
446,0x8471957381E3E47135853F25Df4d4Ee11788Cbea
448,0x17DBBB5Eab127dff52AE2e0f4933cD8Bffe59Ef5
453,0xa1357b96af331B4663a537A4Fa77C310D2213b97
454,0xBe575d44A95131a378A752592509c3a680e9F01D
455,0x771e7A511abcA6352bBF6D1E32a504A5599C1918
456,0xc3f4beE877385b6D9eDEade0596180f79e70db4A
462,0xa1824Fe7A2744717b9fc17274BAa77C342245940
463,0x9AE990A2738F5c0361862b8220Fe6a5DccfAf8ab
464,0x5b7C0f5CE9d5984F3a0A64aa4f0D58B5EC233fFd
465,0x8A0D0bdeDFa9B70d7D3e5C458Fced1062B6ca9B3
466,0xB532FF173Cf0f4f920fEB093d3248Dd4403A75fc
468,0x4e90b4f3fBfde8e49F7e165BcfB587d7f25e8941
469,0x866aD08dDaf4E7F76e13bFd5DC988db6Ed89C256
471,0x320777c07aECBe133052AaaF9fc16466E3818597
472,0x98C49d0Df275B3655FC1fE20C7B4a32DBEE27B24
476,0x31ce13A3385CfAD2E9353b12B6f8f17673A19B9C
480,0x14654E609352f7fE3109407A1D35B721C564D4BE
481,0x4DCc1ba4a9F85e9499a26bD9869364fED15d880e
482,0x1cb3e0Bdb368aEF3aF4A2eb17dbC2B8317CA6337
484,0x5162288AC8aca50a9c8e69dF92DF0D1d96A9492a
486,0x58D27b50fe7f09745074Ddcc21f6d4CB7B312Dc0
487,0xaDE752A6eE05b872c3FBDE6cE4E6F582B61189FB
488,0x5910c9E2052d07201717D2D19A5eb949BeB4B8E7
489,0x80f2cE8cC1ad39EDEF93D3fe8B6EeeD9417923cd
490,0xf5D2f525bebB5DEe3783970D0F550C4b4B10d369
491,0x524C36115b56E30F4D4a7B00ba92d95d1403c532
493,0x07B5Ebe47958E180414F8887aA546f32f18D7994
494,0x5fFF308D033ede725f9413428d1F6f9E09F90Ef6
495,0x840625afdDE0ae5b232E5659ae6b032Bf052ea50
496,0x38C5929b1dB3355524064C56a66AF5A3D99bC32f
497,0x0aCAaB54064596fB7bD73657af223DC54EC32A34
500,0xb3B1Bb4FbCEE7102131274FD440Bf1B41cabaeF6
502,0xdea0a940d953DFa16d861aEb2051C9eE0cA412C2
503,0x9C9A2bE7B3A1a407E5880094B537A945c15270B3
504,0xAa02EBfC878fEea3F9E917eEc5b8aA7e344d82fF
505,0x23CFADB8dFDB91360F2f85E4133F317027926B50
507,0x82BCa5B847BED5544610760B515CF98a6dC9692c
508,0xB67323B73dB076f4c2FD633cb347C65F97a9063d
509,0x1D8867af76360b0725caD761bF6bc5C5b11bB27C
510,0x69211B4481A64210e02410320aba56732267bDe4
511,0x1D3ac6067957521504b7136F9eC3a48eAEBEad42
513,0x51084CAF95df5577e3Bc06198119009c647c3D3C
514,0x8F469b4c37682D999BA6fb54f6E06BaF1c701c1b
515,0x9D8946c8E287Fa43B1773b15405094D86c1A67Dd
516,0x906861C8c8C61575EE3EaD3959EA2fcfD63193E4
517,0x6bE4391a087CEEad16888Aaca375238c97cda00a
518,0xEd9cE23c94898b78b7213BD49E878b9d9859A71a
519,0xe54d6ddb4F45De7Aaccf05C652B3e9b2Eb1eF634
520,0x367426bB833a30A4BE5663C620289bBb03Ae2683
521,0x3Fc952a331F4cCC2D23110eaB64742732AE02D9C
522,0x469Da19448B0FaFCf781350efcD5A09267ca1f99
523,0x81fD86b0fb4A0359BaEA6280cbb7f9bE83D47A34
525,0xf8F32170F130Bf9584e1aFb9F5dD5f7ce404A9a4
526,0x3469375a4F1f31F8a665127165cd735001c8876f
529,0xdE75B6dB9d6B6CeF9c03FA6e01A5301788332244
530,0x632c5EF503eA8abB697174486f3bb857143f6F7a
531,0x9e3E24863ebA2663153BdD739ac3ede754D4e1cc
532,0xc8Bc1A0E9AF881b36e776411F3065778601ed924
534,0x090baA3D3De4e25869914d15E51D30318C4705A3
535,0x74bDbaE02ccFa3c5720cFA2cCA024421078802FB
536,0x9E3432c6d85c7fD26ffA29990fB4d844092665f0
537,0xf2De1c488F12f67f238666F51702C9F5FF1Afb3C
538,0xb6377af883a78f26fF1e07baE0941780E1c1DD61
539,0x9fF46DB13C058FD31A0Be5c6c77Ac25d2Fa14C87
540,0xb37164A3eFdD49b5Cf8A4091763208D22DAD8470
541,0xFfcbf8870dDDA93A0620d1aCdE42ebA73Fc299C6
542,0xb366e7B9Ed906a99D31EBB87C204f566e4582753
543,0x9cc653ef842E977201C6E91925a86B6bB0ce238a
544,0x348AF43F1CCF53Dc57527726F5B8CD78F1fFb4B5
545,0x5F9A86C6f4Ee05605A8595b5975fC3684ddE1785
546,0x81e3AB6cFF5ab0937ea37CF55198CBf3e44cb73c
547,0xF3A0810Ef7db34422875fB09aa4F3B4194E4B39E
548,0xEa59E6BAFaE75004585D53c0734eDC462F57e878
549,0xF78cDdA441B4c8b80073cCf56706ACBF3cFE701c
550,0xf9FBFb9eb829f4F1eEAC3C2a2Bc0cA02e1D26C13
551,0x5575BD827A9ab26020e5F3eaf3e97B468F7cBbAA
552,0x11ACd927986fddDf322AbBBDEE2d63Af79159D79
553,0x4fEf35736184b9fB37e6D51072f2cB23985C3379
554,0x3ad686A987Efb69350Ad4168081eAe9F1D795269
555,0x93a61D070527ab525E1317E1CDfbB6A9445ce7a0
556,0x3258BE7E9bfFBc2e4ce4aF06F4D3b261b992369c
557,0x7Cd79939BB608d4A02FDA760383E08Dd665ED075
558,0x06e297dA82BdC94a8762C35a47f35C828272f6C6
560,0xa963CA811444e08029B75A07379A9B2E1EfA6760
561,0xc9dA539d5cC6C8470B2C0fD60255a4AaA2539fAA
562,0xB9e460445C89369F5cbaf0995f8f300a3505bA0d
563,0xF2454Ca963b444BC13a7150987Ae63B3DB838736
564,0xFCBD7C86eb414FFfF22d7E71a8d467EE2cB61915
565,0x13d94F58Fb43aCFD2732be60377D24Eb17E4140A
566,0x73E7EBE208742D3fd49DfD131A24F007698F1f69
567,0xaad0AC12017E404E264BAb9Eb8E17dAf4536ff47
568,0xf9187BAA034ee15bF748B454b0a4BFaCa9701484
569,0x76C48eC61E1f5c856560AF5215f534cfB198A2D1
570,0xEAF53D20eE4600E38E1288C6cEc6FEa9D26D2eB6
571,0xBe64bA658aCBE5cbC003cc1997cA2AD295a1917E
572,0x80CDD44C59D7C4f3dF108b67bbFbe63ad4e62787
574,0x38858de260A54da9DfcBdde8D63fBacCcdF5378B
575,0x404637102168245b49670fda7D67EcEB31Ef0Ec7
576,0x25f818aB749Eb6713F87367a8D289ADb0536ff8D
578,0x1CDF876FeD02365586e0016f4d9f70431d4a2920
581,0xF74d574344866b458880dA410423FeAaAC6811ef
582,0x4D362D7d5a78C7FAbB0A158494c55df76Da25779
583,0x0A03bC4106754071c11b46BA8E717C55e10A109E
584,0x332Fbc45D21f0D6A513327a928a89dD695ee71A3
585,0xcFf2D42429ad211e43D8892e9226292A54eB23ED
586,0xBDB6afd313a1edEa52dbA10f42Ec64F1DAF93B2D
587,0xC52854caAa233838cFeeaE3390B3cfe14DaC0634
588,0x5da8B9f2E045a0880cdC4C02F682B13e63Bf1168
589,0x0EDF54f74711D93712e1644ACE9eec3406C84946
590,0x8Ed10cA1C0B15353894EecEA9E6Bc11f15D53e10
592,0x76173fd0973dda78590B4EAA698cC58D032D22ba
593,0x553296436fD46045FB578962dD6Fe11AC5C8f63A
596,0x547Bd921Db3987D8DF3Df6Dda12D21aC9E02b62b
597,0xFfAc9beD809fFBFa821CEeeb5928b2e69b675B80
600,0x0A47C7e00C24aE8826071E905b0C112Fef16fF39
601,0x71029B1738Bf667BBdcE627FfF31A9F5158Ce61B
602,0xC21083A8655a363543D152E6cf56434D9B5Aa09A
603,0xA113F463d2f1D035855538D37703fD6E9EF98d31
604,0xaCa56cCbE274D1a666C734FDf3d4441418e169aF
605,0x46996C41a5A8d3208Da1b319F771B33F579d70F1
606,0xB55a5b9bb878c33deCc9801fF7F892D88a119165
607,0x31a5B7A38e9f161D9ED51cCd8025a6376bA217aa
609,0x4e57A486A95836D0969aB35994759f66b7B9F245
611,0x4CDaA2492BFF9793d0F39F222dEF7E364e620eC1
612,0xcCe24b791622cDA30cE3423CEaf26993563a1917
613,0x795758648bF4f95e45fBE5759c57B25482077afD
614,0x106B78B76B08DA18684420f3Fee136Ad5cbcDCCB
615,0xD5364f24d07477A61130B6EcA7E28815e1bd31E9
617,0x24c1E585ce45b1b934ec0Bdf90bdF15e7d202Dd2
618,0x425F74045b4D94B066DCd2aaB6D9EB60b21f959E
619,0x45fDFDe80e72f31cf760021Ec6f0F0ED0F231F49
620,0x1463b35C03E1798A89506Ce826D0a9328aD1b13B
622,0xC93f85179B24809401079AF94776C93F0ef03F6B
623,0x244dea139C14D17a587f421994667e3773274E23
624,0x3Ca98d9fcE705A47e306C3e3789E633cE4aE0f95
625,0xe1931de1De6aa36184d352ab9ab58AE5E776B786
626,0x0E09f9427efEf1e411C3793B5D32b30925a72BC6
627,0x415AbA2C54d7F533b9444a3b9082C2b2C04f7044
628,0xEc96A905830fF2f9343F0662d575f60B88A27Db3
629,0xC9CCcFFa96Dc0F79661EaA2E72bBBCC82aCD06db
630,0xD7d658DB9dF42338EB789dda67F21D228B8c71D3
634,0x77990c040E17d00F1DEA5b805f3Bf2e8276c0Cc2
635,0x1DC6F72ED7668bdE70a0972ebb820dA5c84c6e88
636,0x7788C909e73443df9B5e21F2144a44C6d3751b2A
638,0xCA1ede3EDe43425256896C7339e476dbC6F9fE2c
639,0x74bD65DEc6562b5B05cD26a84B0137174062901a
641,0x23230D311AE96928d73Aa55568bFeba25e79c878
643,0xefFED32d891429F868f93Bb59D201a5f232351Fd
644,0xfc5213dD5Fc38B2F657EeC8210C990422852221A
646,0xa4930597Cf54Dd46850176A536C5eE91955e0603
647,0x9118077387a0b705DfAA0DE1858FE37570A5be39
648,0x44b5C269dd705273e03f07D098221f74109A718b
649,0x1214A8beEdab2552B7A5574b70598b38B1AFEfCf
650,0x7827d97EF87b13B3CB8907d72E1D714D8A651326
651,0xE228a18577548363b2eb10920Eeb6CE083743259
652,0xC507Ef189F1307c25F5D9666b766c51E681eBE1a
685,0xD570c15e8C4D7375EC105d12D429Fb7F16279230
686,0xD25D3da27DaCFaB656671B42a953D7b1474062c0
687,0xfA18915Df156057B77965B2DE1A57748Aa491cA5
688,0x4b160efd14b05590d8AB8ee537E0dC0BCd13AEf8
689,0x511e82909B3132c58570e7804Bc28b9AB22BBc24
691,0xF4e663514adb91D9A1c29cA8e04839e18888B3BE
694,0x1D3e050c13F9981604097B29F3E2B48E8c310159
696,0x592e033cA203769EA64EA88Ff62B2BC72dC6Cd69
697,0x548E083Bc7aA489B7893b70BaA3Ff971d224729a
698,0xFd9DD0dE1aA853c9280CEaF8c6bC67269e82c2F6
701,0xEad6E42506A94ea0dDF72cb9E7f369c1A6bCda39
734,0xB1db596989C1eB0378D99B673ef1542651091A76
735,0x69CA83d03aea569EFc6085Cc81a12b2d6E263e3A
736,0xc930d370C971F4679e03106d3714Eef4100d8Fbe
737,0xf3D8Db2695BF9B1FeF59249a1FFDcc588770A4dd
770,0x20d6B0F7560FE0a353a66F146B4FdC308cCA81fC
772,0x35C09B6eF23E0B60747b7E1465db9ECB2f87f1f3
773,0xe55F4Ce0747F19Ec0110559D05E78aeDb6043Baf
776,0x9eA07c5Ee61e82993B0544CEcEcaDeDD3C9F0fA1
777,0xD08f4cF18d8cA13730316fc9CD63de641DAd7beb
778,0x923b3F0bA327EeC7Fd65565fC204AC0B12af5114
780,0x5cfCa9BF302f7277474E80ABa3C3f90F8473cCb5
781,0xAc42F6F22b3335Fa7df84DBB1Ef9c89e125b4eA1
783,0x642F2b5a55324815e6bF2B07cE9bd4c2C144aDEB
784,0xdC798a39f411719313BcF39189Af7B6c9C2f2b98
785,0x7F29811ce29F063350872cDC9F8d1fBBeDCE5B60
786,0xE56a442F009375fA45e209634ec7593edE0279d9
787,0xecd00f3E16013981437EEbf398f88F8700272C9f
788,0xfBA8f2e85162373b9c2AecCa143173D18A164844
789,0x030f244c1D20e1dc233b3425501b9aF3F5F80919
790,0xC161327616726be6916C9DEc0CfED0eD9A9F0b62
791,0xEAD67c7B74D25C5742C9d7391693aF9B51E58A91
792,0xBd96d3C2a2412eA5EF979761DC94faFa9d6bba1B
793,0x062EA4634405d2879F67AC847e8237FDa9F3a731
794,0x6c153C701e1f77255989CBae46253b21E1802c36
795,0x27dE1c7327fEc36bC427586CfEA02C1aDa1B5F3d
797,0x0eC44c38500dFb9c2D1cE7fF3934708f47038A8D
800,0x08cf75a8b1d5b024e669664FE6d5Eb511f800eB1
802,0x0Fd6a0890c282d156B93446a70Df39b3e1cF00Ef
804,0xc696FB0Bb740E4Eef9458d202779B646F1c6C43C
805,0x694D09DE4dEC9fC2EDF41a8f2770D8f2B96B1583
807,0x05a89C06B0B23E9e848ED9169Eaa684050D14FB2
812,0x1584CeB04fCCE999ca3EbB220DE83009B7f5Ab10
813,0x5614252C43772d1444471A2aa4892bdAB2645D8D
815,0xabBC20aF355Ff43BBf6342Fb63f49Cd87dBA2056
816,0x1c8184CA895bD357AF6B9BEfCe826a54C138e9E0
818,0x8C2a2d45620A033443a72A553a516b45e35AB022
819,0x0d8cE950a42E1Ad377258B0e494316d0F6c152b0
820,0x6bA96F1987c5baf108D475f46B48c17d63CaB163
821,0x53700080aA631187a881EE3421482E45eE1530f3
822,0x549cCe8e9C5eDaf21062d616FBd2496af524918F
823,0x2fB5699B807BaD8A51063031B01022eaBD585B6B
824,0x271aAdA3757540EC3313fa8CCdC7024B4D9768c4
827,0x71453cA2d24F87165c5a48D47bE06aC0b81Df173
828,0x0B29F5741f40A7dCB8404a96eFc754c1fd1a09ee
829,0x0Ef98C7c2a31795C22a604ABBbACefb9Dc42c3fB
830,0x29e788F2AE4c326185d9eda1d390C699f9f5a385
831,0xA042CfFE15D946f3B6e21924846e93B65E7d9F0b
832,0x110737d38524149b3f86A9Fb61181819F68179bf
833,0xf23c48695dB1F72ABDbdbf627CfBf0A211A60626
834,0x504A29955eac34b221fC5329e0Fb23B15a4a0c65
835,0x7177467a8Fe3Ee8e63C49d98721F3c12caE0E808
836,0x83eE3A565F7dC3183bD0F8AD5d656790af926dfa
837,0xa6BE194614CC73d94473d24590207cDDf3Fd9F67
838,0xCfc4c1Ae85E3923CA4389238Bc1478CFb0901937
839,0x4adf584c2C5Dd8fcA047918C7a0918227E5D89Ef
840,0xFc96825E485d19379FbD70A2c529F88AD72D5F1D
842,0x9F385b497C0011C66576Dec0286a6FD45d1a3988
845,0x1fC47A58141e2A078745d7c5d08723110c3127b9
847,0xd57136b7BAbEd40C38817238169EE26821D51406
848,0xb8E67B72b9BBB82D802307028099820318b2D42F
849,0x3C8dde3ec02e9671e8BAa9A0012392BBB1cef70F
850,0xF0dA7404066fdCd0E67A419560981A04A2e738D2
857,0xdb141CFbcbf6cB6CAe1dd2B4f6a49b6ee7190063
858,0x1FF59d2D7f21397744da38d13319a4d1615c55f4
859,0xa42e5eaFc437e13175F50EaB5B2f5d9fe0372fDB
860,0x6c2af601b50d4888514763a918875D3D19F9a4fd
861,0x0AEc669075C7D70ee1D49194867A59Da4544a1Fb
862,0xcf3D499fbc726824fe35620b4C58aD775567077A
864,0x13928E065B2A0Fb32bBB66c7515964A3450c9cDE
869,0x659C94918316374838dD953DCE8386ff663f8d2E
870,0xd2f1d1a4baE69a0a102D07061Ab090c3eB44e0cE
871,0x943d9963Eb3b41D06f93196D08e9F7861C40502A
872,0x4e11906eB1b9c5D246dC44d0DE64077a38fF089A
874,0x9E6428B504465278A07396e0AE969168fEF1f310
875,0xb7469e28640BED0d7155F3Ac220C240F4fDEE0eC
876,0x0C07459E41dB6685B5c4a99322b0342CEB5E8bC9
877,0x2e72c6aAB97DD8D1A596Ae6e0c0F7f4361bD83D1
878,0x8A469A9D74EaA636B64fC3777d13AC48c55347E2
879,0x7b10075DDA6A20460Fd0C1cb39820eEF7f478661
880,0x5159Da3A3509Aa00a81D12b73Be6292f5e2c4Bf1
882,0x6741619597885662F048Fe4AD9A5cD8716aB9e27
883,0xfcc80391b78e5e684D91673a9Fd7eea9ceAd3259
885,0xd9c0c5FB2a7352b820187BAcb9219C0Ca430Aac6
886,0x751B26b9B8A00384228c6Dab536b611E6ecCA7b0
887,0x5e5d1fb51Fba65D7a57873A09cD49193feD974eE
889,0x9B0c2f7216d6A81B0EcbAf3f7887Dede92453bec
890,0xE355AD8449c13a00e9e95F9a12BaE28DFA4286F6
891,0x2675C5FaAbd2Aa83886e9adEBE828dD95E21609f
893,0xC8Df12225545D9c5Bb252299981D0DA033aA57a1
894,0xb483bE4CcD26ECf77Bc397709e5c1bA0EfEff522
895,0x15c415f6b86E4F27791f53Fa9c1f40DC5Ff48A60
896,0x3A08519830508df0dDcf41435C76B8e157012B76
897,0x058BD5aA9D970Faa4AdD8CE0D7a8a28861e2EFde
900,0x05cC200bC0d03a2201d4C760DBab67172748FA78
902,0x747484765480D322F6A5AA357f98e354DB0fBabB
903,0x4534341B9AD2BC4968F80A4F86365ED4e26fE2Cb
904,0xc39F025fd1882B793792D37284D3db666136940e
905,0xE111EEe0796139536df6247a0512E6207d52DF76
907,0xD4bdB7CA8e636D6e3710b8661B9f14D1f1845fc6
908,0xEaf38900c416d25684d7AFb7487dEda004523C04
909,0x4b1ad6103b3A10b8aDB299c1cb6cEFff4B1EA674
911,0x4C87691497e24fc1d0674356d267f1e75Cf02473
912,0x417A1f8DfBF737D8aA292b7a0c5195160b6Ad08b
913,0xc9E56408cC6C30767Cb71989808fe1b4E8635200
914,0x1Ab2eBA96C84D36A80d701D51684Ea7DF74Bfd53
915,0x466240B4B072af5f7E9EC99D730395969Cf5E1f2
916,0x195938B15Fa3e6565BdD10eBd8B824006622C5F7
917,0x1a4102ECbCDe3DB4856D280bdb4f8c562aD6639d
918,0x2811EB15397345072409bDd04444FA26521EF67F
919,0x727eeB87Ae62244aF0953aBFDA617fA83D12538a
920,0xE31a43ebc7000ca58fA845602be99E75b990cB7D
922,0x7BDd32ca12145Ba701f13343C0e5993096E63FD2
923,0xd3D53742b5A2eF62b4Ae613D5902E61A0A943dCF
924,0xBda4fEe8EaADF68c16A9EAd51925351Fe253ba79
925,0x32FA77A3336F95d00ad4b3bafC02e97657Fba758
926,0xf430AdE366Cacc28759fC5C38B55bd17305C003b
927,0xBe0B47bfffF2bA0Ab76Db2d51F5Be256AD1c90cD
928,0xb4aA2c113CB82ce1FDC27852a527c634B69FDfBB
929,0x86B340e7C9D0F687ea522C7AaB903eADB33A1fbf
930,0x7CfE38172931bC0a1B3779485d35Ff980600DABC
931,0xaE438a281175BbafF9D9893625f3be74673d24Ac
933,0x1854B5EDBF2E10B06b602932b60d590b1E093E4f
934,0xf4Bc5b2785A4D851390F46E2848b6fB5D63d4D1B
935,0xcB8c7798f50e1B8417F6473a1305743F257c93fd
937,0xADb0eEb1547EA0d35cEb625fcA1d67178af0B11a
938,0x74fde18Fed4dc6F2Be4b47D7F9D1D0856B8fDC62
939,0x61Db2A7F62d5aE03E716A12ae355F3d958aC3530
972,0x54C98Fd63af2a65adFdB5f22d6894B2449f832c5
973,0x14C8727c009Bc7Eda42f23B4E88701ad893B1394
977,0xC5572E5449fb741c954b8a650C3b95Ba43a8F465
978,0x616779b71A4Baa59181962E87DfdF99CE09f57E1
979,0x6670b46465e11D4e3c434607E9bbE7157e71680f
980,0xBeCaa83fe964a7FD28Cc19e240dC06c121d77a13
981,0xcdFD5aF428d6bc5dd31bB1D0A700466b5626a23C
982,0x2748D014d8E31D2579Ed9A02b8157CEA26B84Be0
983,0x4CF1155e2A185a6734e7406D222F18b901d7Ed92
984,0x6eec44e793807f117E556c6a14520635C3b7d6B3
985,0xBe53eA6d69D5ee5552B4726dabF36001E4F012A4
987,0x60140294F8661Bf08102241867ffE09510AF1411
988,0xaAB9da2CBaB0036fA83cE797109009431D033D35
989,0xE59aCb064E14C622eBF4B34370ff033008b552ac
990,0xf478578Cfc94feD11f04D621DD73fAecD9B43f9c
991,0x6588f1857e9BE879b39ae3eEa989332053ca125b
992,0xcaa5d5a0EfE0c518D28c44048AF6CeB43644938B
996,0xFb40E518877De70eb144ce2a4A207AEc3fb960bd
997,0xD4B98a2dD699E44a93Ad9E06a9b7B7bce085BD5B
998,0xb77b275f92a04fbE1DcD7F65dB2818e823aB60c7
1000,0x01fd7c5c5A5C149195D5516486B4Ec1C187537Ce
1006,0xa9C1fE6c41a04F0C12aaeaD3FA9Bb538d4b5D667
1007,0xc465381cbCE23178982B13Ee409578d01DBc6a3b
1009,0x40249c169AC3AA92D614DAaA569B90D3554c73Dc
1010,0x0dC3589586D6DbB4A66C1Cb8526cd62051b811Dd
1011,0x58A4DeAae74bFed2673D3d7447a649160A534339
1012,0xeD814a39B4eb8B30a01a92CDa8AFDE7f74306001
1013,0xfAaC23BDcE96c5aDA484d5f95742536076784891
1015,0xa4956e186Cde6467b1009f9CC5FadFfcF085B79e
1016,0x030B98976779a2A9D03e5494d95b6b546C819847
1049,0x25fF6259BE2C5525B38Acf997cB48cEA71d4DE57
1052,0xF35323b44603366E8181585FC883DCD2899bac2f
1054,0x02DC9dC8B7c251ccF412bd65BA26aa9C118EF274
1056,0x3c1cf64d463a70575c6e492724559813755588B2
1057,0x7894EA5c0dA4b05aD9011484a13f45E0013f5A39
1058,0xfA2949b12a35189c40c5DdEF01b0CDc8580ED0Ba
1062,0x94B6C34bDF8F43362F86878721dB196362373184
1063,0xBD5F1d03E8b3EbB1B3cb81D7Ff7be4e727F2F050
1065,0xe58c128B4E010768d423e8ada927aa57F5d22f91
1067,0x73C0913362Cd06b599b4C2Fd219e7bE1A51666d9
1068,0x9549A0695d336bB74f32C332ec2829C87aA127C8
1070,0xA153004Bd01D02415A32FB5FEc74da91Fe4DcF0d
1071,0x8b2b14B2FE1DEA2E0Cd56DA81e8e45385B1AAc57
1072,0x5D3d6894b70064a7fDCC2Bf6beEC0112787E5ccF
1074,0xf917B080b0103deBF1c3fd49421D41e4a1E77939
1075,0x3D5Fc884592F962995C129A7037158afc89470cA
1077,0x4CC1d6E27a9c4f1e441CC428c1491CAA63FCAF52
1078,0xE78934A42d77B0118129ED74296699E5Eed61953
1081,0xEfc9104eab14e0DF60089c46A2615251089e43CC
1084,0x76325da7921d142cDAcec5f04cc53e83A68Afe46
1087,0x553ef0edbFE80E1f24a75ECe5a7C7759D117cC6d
1088,0x3c62390a4Ff6a06b62F86EBF1cDeAcF3602387Ec
1091,0x7Ee4E05bBF197dF254e2075BdB0f1b933887Afa1
1092,0x1f0B33AE7E105017Cf3016aeA053708FCF9f426C
1093,0x825B176819d99B0c3b128b7561E68108790694Fa
1096,0xF3400DcBce8a9BFEb666557b5abC2953AEE896e9
1098,0x5fFC89013E4453c9e7f9F5EcF0e4bF235bcDCCF6
1099,0xa8C5F8F5954ae7C423c2d984558600d0e3eDFF34
1100,0x839fCeCEFC99cA85141A701F89053E4e4066A329
1101,0x587Fa6d229D222d463e93398d3191299AA9eB2Bf
1102,0x9cf4e650041b57091EA0113A56A4CB4783d43A6a
1103,0x6a1ED4B0E07900F96E6D7b8Ed51A7Cd5bb91fD72
1104,0x242582800aBBaa5B4395619D1c3a2F6df7d6beAA
1105,0x3Dc2147F992694f2E19ed433084161D716E4d1b0
1107,0x3608054E78f74115c5db2933503102b7b98db449
1108,0x542840AcEE1071e8A4Df8C4cFF5a33FCf8119513
1109,0xce5ECd6666573d9024E8e4Ece0AB595FA9e48fB4
1111,0x9601E49eD8Cd0f5743A4E259d528D13E5552a132
1112,0x317b1F0fFE77f8A1a2eCA4ab8eC71A920aA31097
1113,0xFB38fB9af5484EF7c7d5780B1f150757F5967a87
1114,0xffB5E73876Dc5b8d4948F5560CC1C38CB15A96D9
1116,0x11E0CA82476068fde68ccdAA0f9c5442b3c6aFE4
1118,0x2e886DcDA6744D68Ba7001C361792E3d17729cda
1119,0x46312d4790973664322CF3bAf5c45104779CB6C4
1121,0x533fF68439888AC3bd0fa627Bb2704018C065E6b
1122,0x77d5a21E3fcD9e0b42B9c4F9B78596646019F704
1123,0x86676b03888df74566E4967Eb23e347CD78cdb30
1124,0x190769f8a0fA6F3AD3F071a67FBE2d6bf9e6d7B9
1125,0xEf4c3a098DACE01283e7E6EBb5F305Ec7D04f4F1
1126,0x750eE699Bf5f6Bf284C94b534dBE2FD076B64D65
1127,0x278A4e38d5d67d62984A19639F35B518F726605b
1129,0x8974920eE3fCb4F7DFEcA347Fe5469b23Fb97299
1131,0x64B1647F31111bEc0609F5771039499433C02138
1133,0xA977527dcF2D738FA28855A9C2B1b1bb70429347
1134,0x87BA0FE4D3D7f460E97df4f56079e25Ccb85457F
1135,0x69B27b8CFa59f8E40d96e34d4A7e7dBf1B44D7ed
1138,0x874C8A8B58315eB89cf83dfF3c1Cf05242A853b1
1139,0x6c0227Ed6b99D8c98ebc10247E792b1435f569d0
1140,0x4aecb483A9C8E76875b914Ca22a168737F01dB32
1142,0x18532bFcff6fF13c22B9e3958382431C47Dc7B39
1143,0x4099479CE2505662F10C0398C68977158D3c7C46
1144,0x9cE076335b55c22F9C9B95EcC6a562cB93e11746
1147,0x02c8f90781Fa434907BA00DCb51391baeBFFDc04
1149,0x664b7C9F6Dc6727bDCB4c76d1f94Cab3889EFB70
1150,0x65c27ecfAF342E121375CA140a2422F7109d91Ee
1151,0xcfE4Fc6e2FAb21325Ef600eFa3371B218e929a71
1152,0x0aad92F903d3a80c1269BC1319c13019cdEFBd1B
1153,0x2CaCc8eE04d9e4fB1cd6C77D7da45550b3309891
1154,0x3d59745f72216B8134FBE70ca6E0bACCf13051a6
1155,0x3E1C8C7be1dAD4c4385085Fbb297b33e259A4564
1156,0xD0724c09633F17A1E16Fff1280A5a90323579F80
1157,0x08B64e534aD62b389D75210A7324E726E62cF20C
1158,0x2414EBA42b6461daA45CD1970e8f7d47416559a2
1159,0x6769374Dcb307569cF8082c08E24DB8B86804207
1160,0x1D84795976B6276e9996D703A63424a64FF78302
1161,0x3F2ad1F5D78a3c5c03A42bAe66402da70402355F
1162,0x717E38d5289632a2EeB3e163AfdcB4F89624721D
1165,0x691b385677f25e336fEA96225b3a37f3D022bbbc
1166,0x6b17935eAA7B4995F83a154bF506008d08e3aCE7
1168,0xB5a80Bd9E140e291d0E722CE7FEf296C13952484
1170,0xACCF2F43f1846Aa6Bf656c0447Bdc47306BC3E18
1172,0x188959CcD1fA5933100341bE8F49d79A403B1714
1173,0x41711ae87728A743489294D76f4373Fd0D545623
1174,0x94AF16A852C12D32D373bFca5066f0b5872f02E2
1175,0xBafEDb567a09A24E516A77A1E226be770740d144
1176,0xd4Cc88C002A09AE69A02eB6b5B3b1F28CC039e9b
1177,0xfd1306f5718a9B28297Bb46c50842750c64aAB4c
1179,0x2B6Ce5A2f189DE60b31C4D5bBAf802081cF424C5
1180,0xdeBE070f0EFb23b98414dfdC6498e93130B85236
1181,0x99B2A7b6874ca8D93A39F1B2d6d3eb7b0C36B2A8
1182,0x8F6b467D94394C38875E5B80ccdB400b3f54989C
1183,0x9A137cfD952B53073A4E16879CF40450B15a0CE8
1184,0x747b1ea4FFeF52ECCb7003938cd960596e86185C
1185,0xAb29712C4040b7C7412058476B8AbaB2e218a4Ae
1186,0xE32347fb5769BD095d1D0fe51710c5867246c648
1187,0x094374716A67705554068764a95612520b402ec6
1189,0x09c1e02a188c628eD3622F92Ea71169e64DeD5Df
1190,0x5811404656fc590299F77732Bd0Ad5425Bca0fC8
1192,0x7c6E2444d81b7a400ed724ad0cb8092edd91F61A
1193,0x4607dE6eB6B650281a81c434a0170e46afB32fbE
1194,0x855d18EBB1748b07F6Fc837163eDb4eF5cC3B95A
1196,0xD0e6b8D92132A2fF447376cBbCf389Fa543A8354
1197,0x4acf27AceBc62E939563BbB51DB6669e7351458C
1198,0x3cbdb02FD4a62e4df945a9d87A7B5A5eF8Bfcd4C
1200,0x8897d9Cc49969c9F16f91827f4430a2A429343f8
1204,0x6C8355E1554c143125be26043350C24ba7faBdCd
1205,0x3bddE960924e36bDEe7F76BC3fFaaeE937b1a656
1206,0xDd9EE7AB4E751a02B599e41665a4De3E99B09565
1207,0xECb11429ef5e6A74Dd46Ab10C2e1E7190C7D3181
1208,0xf8C433C7B9B4C4F021320126C79D4913496e7Cea
1209,0xB0194651122eCb190be46C16e759627943DAD14b
1210,0x956129a80a7A30b84D337FfA8FF08FbeCa5c2A94
1212,0xdAcAcde77947A81fb17f4f8F51640094bF02D538
1213,0x0000000000000000000000000000000000001010
1214,0xA07f117e36Af5731401aefD841b5B5ee4C64D277
1215,0x3d33fD33c90Ff10219592CDd9E2E024592FB6901
1217,0x8452B4d677b685928719629b7757abF1fa61E598
1218,0x08084F0972302C62F3D5ADB911A352263f5f4c54
1219,0xB9FF024bA7Faf3952e816D13EE37657140070ae3
1221,0x9Cd6f5DbdC67A09aC1E082E17641fc504E34277A
1223,0x9A48C4845053fafDfddbB89574f1D7b5d15c3bb2
1224,0x6a78B1062430c5e633aFABb0C4d4eC212faC77e5
1225,0x43E8b1575507c4E265D35d9e1EeF64bD83881b65
1226,0x76DEe6CCEd687a0789C16eCeF4ad00F6d3206bF0
1229,0x2f2Df60c574632a21b7cC6491467aA5235097Ca5
1230,0xA379E1240Af4d341C2E15474EaC756f559B8E6BC
1231,0xFb2ab4446233c86bDf5b62F8c730f4cad1F5f5C8
1232,0xb0E744A3286D1241402EA2bE782714dc7970FCFA
1234,0x9C82B028a98E1c57E6e31693C0B342802b3F4615
1235,0x391c99785eE8585e2e9fef68cd7a913CE5d75c46
1238,0xE7aD2D10fCB2bb48c24C0CDaf7Aa21856AA9D1dd
1239,0x3909946742EA0e38a16052d9f623aEd9c6342Bc0
1240,0xb5A435E55fc3ca4Cc694607d9225b30E98cF45e4
1241,0xa5B5fFFcB3D3576e10bbD1d0fBB685B45bd99abC
1242,0x1246A23c145162dE368961C8d677fCa11d9f2DFb
1243,0xB2d99e12b2289E096E125551f1d05e9628DF8e6C
1245,0x33BB26E7d4FDB538A333D0239a21fc7A4Df23f17
1247,0xCFAB24834458e21a2c04eC497D698c6dCA9DdE09
1248,0x0Fa354dfec34dB9F8D3242466fDdb4e120586610
1250,0x2483d2D0c8B97974f074b0f1ec2887a6805A104e
1251,0x58F3D8493EE009B6b4bF797cB9CdF732D00BFeEa
1253,0x4547b024Ce253f0D38a8D22eDE6622DA6e5a72f0
1254,0xce7ea842250e14B6D5A6c07e273098530b0f23e9
1255,0x9C2Fa8737D023768c25ab9Cb9f0A3224D43616fb
1258,0x6EA4bCbA4d5340F89B4390e553A0139001144A52
1260,0xAEbB2dA6C8C632537ab0C3396C0770E85fA105E0
1261,0x18EB284B1eC65a3D6e656a111D3D1A1df22Ae7A6
1262,0x9F31D99fC048C3bE740D9b78a5eE5F1E85360aec
1263,0x84E46065BaaC2Cf9bbF2541298CAF5e561254A7E
1264,0x3c831Ad494c44dAEeBd55BC82A4D3Dc268e49541
1265,0x526e270E0376e7d29271c5d5f71B46B1EeC5479f
1266,0x03c56A59A20437F11B1eb29d946bA63f1f6101b2
1267,0x09cFc10376458424b7006e27cdcD46C3B82C466c
1268,0xa8A3eA8Cd725d092B7Ca89B9941EE4266Dd24e45
1269,0x22612dFd5da3e5666b7c04CD3b13B660e23391A6
1278,0x68E28306fBA8DDbD47d7d1ffbCa32321285b313A
1279,0x3A426FfbA9d69450322c57Ae84883B7d417c10C4
1281,0x71b4e7A32B6ab697ebbE3f46E3Ea1547DA577Ec7
1283,0xf80acF10bf176f3aE4Fa69E43Db11DEF1f123A14
1285,0x4A4e702d6bc117DA5A883A59f902ddEf29A23489
1287,0x34761A7C9759768ee61a28c73AD706506C79daD3
1288,0xc6c3C1532f895F2E27f1Ce64BC9000dd47F5a8aA
1289,0xfeC524dd54242D93651f5B05CD0F93859Dbf753E
1290,0x5c3784e30e48507feB4819a2f841B88e64cb101C
1291,0x62e45632A81bCFA3F83DDb3434C3fb3fbB16a0a7
1292,0xAA9fcF1D3EE15D046C0c4A813BB843898721b198
1293,0xa437af8b863fb7f3f5af52a1fa3f1f4bc7497cac
1294,0xcBE570B96f9a0AB0a52EEf4BD0ebC4221eBB8437
1295,0x6348996C7555253e3EAa7d9a1D0aEeC296d66A33
1296,0x44eCeF7eeb789b664Bb85AC77c2d2901fe617703
1298,0xEC5B0a15FC13B1Dde317C75678034C12Ea6c5bB3
1300,0x88Eb6F100bfE9b3f1941e3cc61EC6da4a444eAA4
1301,0xF90321307946d41eAE89C7546d47a89233ef02D7
1302,0x5383f504eF3460FbFc480ba3414cAA6ed90226dC
1303,0xE076aAF90aDf4A32A05E9650020773f32B7Fec31
1304,0x5b7faDb682d2D6fAeED054Abe1dcF57538e35cE7
1305,0x90A93d8bC0DE73f4538B579a25Cc68873A861C57
1307,0xFe132D59E02621FdA62672e865FCA7A3a01d75d0
1308,0x9d0866D76F27C04bE9885fB96149ddb885966efd
1309,0xAc9f3Fd48e18edC13Fe0A17d284B62E1C23DCEA5
1310,0x55d90b1862F80F2f8153C47e9b83baC0643c8EfA
1312,0x87b721a9A183E6f7B98eE2f3C5B7a55782682EA5
1314,0x9B3fA0A042c59f7dAd89F3c5877473956dB60CD6
1315,0x5F6C14c5fc7432Ec188572907BA1855f5B081c4e
1316,0xcBF00180e7cCc41eB652Fc21bE963Bc588938e9a
1317,0x1B7DeD0613fa08C676E3B20c241C585e3720cbEA
1318,0xD7f9249985a62FD891A99F507b880d7a67852758
1319,0x498399F864A24619e542CE87BaFe3aB960f8e210
1320,0x65E0fF076b8d507bfC64849dDa52c78bc0b408cd
1321,0x175B4c45DC0258B03069c696ea0592bA5037c68E
1322,0xA2dd2F07F8dF216441093FDEc23CAdDf5D9a768A
1323,0x1DCb18C8fBDAF30d2f4Ab5733Ca15d1c3C5354A2
1326,0x78DaB9F629fB80BC8D5803B644b301C8395f11c7
1330,0x7C634c9271535EE6c591F4a1B1Bfb7aDF38d7985
1333,0x6Df1D49389afEBBbF3f399D54DAEd5B5d881fa7E
1336,0xf63897449e334f895dF66477087Cc9a59750c491
1337,0x96d34b0a2650539209FDEe0B53887dD1c5267820
1338,0x38D9ce1FbDd5c72a5f181ac1F6ACC3634E7CeefF
1340,0x113Ea0f056f78B38ceC2f4aB7FF2CBe65a50E242
1341,0x98215ac2933E847492aEE8da30aAC9b4A3769029
1343,0x310b357d987c3c751a711F2ae7A18Da73E9008cd
1345,0x2055d28F1a7DaE5208AcDF0812F45E5c9895276d
1346,0xA139044c178Dc1620109101F15cB1170CB2F7353
1347,0x7722e6674892c9E2dD51c52ce30f4a3009A6D122
1348,0xB0FAc146E42D9EEb1D9b588851AA9B9B221cDf80
1349,0x7A3Dc1BbC005fBaE6e9B69C92427aAfd201bF2eA
1351,0xC5aE02ff0381Bc4b78A6903CFD56f1A14dcfFa0C
1352,0xF113fa24f0D4FF052Fc7B8b6ca0cd579a8274e01
1355,0x044c1492350BEa727a55Cb3B0Bd85612A31FeF09
1356,0xFACa25b2Cb943FA86CE8FB892f98476C2bBe3833
1358,0xb609c4aDB891C92E37eb1284f87E40EA5b715FEf
1360,0x87f16a83c5154c206dEB0Cec6eDaD512866520Df
1361,0x0856EC874b877e1f30c9409303CCB840eF3a3a27
1363,0x229Bb75373c2B0A6b8D25EFd52a8Ca094c45d9dA
1365,0x1539cA7E7A7E27bb2F97C382B0e785e231e32207
1366,0x238a73F9643bDf0d07DcD12c3ad2A8A6b50576B2
1368,0x6e490cC9CD02125dD1661F98f5d989e6804C55c2
1371,0xe18B1cBc8988A5A8c5d6Eb6dFD571d5Fd818d7A3
1373,0x5976010b01A9D41BefBcBCebBC2C8dcD2114C696
1375,0xdA2aef1E09455d7d7c67C09F709268C31cC89fc2
1376,0xEfa2284561F945bB5569b173813e446c2F2857A3
1378,0xa08A66b7361282C00a4D72a27Db5dA992558776E
1385,0x789a94cA24c8a30606BbF35D7Ae2aDdCb3AfcF8c
1386,0x0f3B12e51E887502625e2bB4f04b1Ef183eFEa7e
1388,0xfca7A803FF67E4c2cCc164f31BCc6365c71F13E4
1389,0x40C2Ac7799BdEAaBdd8898aa1D35fFFE7C62525E
1390,0xfF7F154271c0D03D2a47A3b541292b61a7Ca757D
1393,0x288482A93655C2E621179484a79fF3A9A16087c4
1394,0x5121CB0297EC0B3AdE92C46c61A09aBa0803AE14
1395,0x82A81Aefb103ad305948d1Fb2A06f1b7C1E31653
1396,0xa7D4c30Cf5f53a07D85fc517cdEe773e04a69EE3
1397,0x16e01f64be09486252FC5C249E74603be216D3Bb
1398,0xa0c20F2828EBC7AcF70cE56c7E32fe6ca49c5Bd9
1399,0xFdC8FC40590FC74a33C7EAD29b4C0F229c0E0c44
1400,0x2f3286437fEd3EdEBF0A9EDb1030a90158F09990
