{"success":true,"parcel":{"id":1059,"hash":"4041df9034d53a2ba1824931abc5e5665c2329ca","features":[{"url":"http://nftcryptonews.com/cv/vox/black.vox","type":"vox-model","uuid":"99fc6c09-ed6a-4d1b-8712-b7da473e958d","scale":[15.2,0.76,21.28],"position":[0.35,0.76,0.6],"rotation":[0,0,0]}],"settings":{"sandbox":false,"hosted_scripts":false},"voxels":"eJzt0QEJADAMwLDP+aXfxDgUkkro3Fnp8MXOLb9+8avFrxa/Wvxq8avFrxa/WvxqeZ4OtWk=","owner":"0x337101dEF3EEb6F06e071EFE02216274507937Bb","lightmap_status":"None","parcel_users":null,"description":null,"name":null,"label":null,"address":"30 Alco Gardens","suburb":"Junkyard","island":"Origin City","x1":302,"y1":0,"z1":-108,"x2":307,"y2":6,"z2":-99,"is_common":false,"visible":true,"kind":"plot"}}