{"success":true,"parcel":{"id":1239,"hash":"9ca3de928524a52aa6f01c18677361acce7209d0","features":[],"settings":{"sandbox":false,"hosted_scripts":false},"voxels":"eJzt07ENwDAQA7F484yeIVwEwpFfqzBwPu8Zv+eC/f5+/e7ef7Nm3/7/+e/17NM/ZfqnTP+U6Z8y/VOmf8r0T5n+KdM/ZfqnTP+U6Z8y/VOmf8r0T5n+KdM/ZfqnTP+U6Z8y/VOmf8r0T5n+KdM/ZfqnbL//f/+P/fr+7j50hFDN","owner":"0x0ba6A24246ab3cfc9d843373D76D8FD7fd7a3430","lightmap_status":"None","parcel_users":null,"description":null,"name":null,"label":null,"address":"2 Loadbolt Fort","suburb":"Little Tokyo","island":"Origin City","x1":-305,"y1":0,"z1":171,"x2":-290,"y2":6,"z2":187,"is_common":false,"visible":true,"kind":"plot"}}