{"success":true,"parcel":{"id":1403,"hash":"f0025cc0b976b1a03cde0e3df16707c4e0ce84ec","features":[],"settings":{"spawn":"N@305W,204N","sandbox":false,"hosted_scripts":false},"voxels":"eJzt0kENACAMwEDmHOloaLIXuauFzp3VDl/bvcUvv/MLhV8o/ELhFwq/UPiFwi8UfqHwC4VfKPxC4RcKv1D4hcIvFH6h8AuFXyj8QuEXCr9Q+IXCLxR+ofALhV8o/ELhFwq/UPiFwi8UfqF41Outbw==","owner":"0xF0004C86B1251B10C7bf4672cA2BC59247a99BF5","lightmap_status":"None","parcel_users":null,"description":"EMPTY","name":"Galactic Wearable","label":null,"address":"10 Codd Terrace","suburb":"Area 51","island":"Origin City","x1":-314,"y1":0,"z1":203,"x2":-297,"y2":7,"z2":213,"tileset":"/uploads/atlas-1574899662147.png","palette":["#ffffff","#888888","#000000","#ff71ce","#01cdfe","#05ffa1","#b967ff","#fffb96"],"is_common":false,"visible":true,"kind":"plot"}}