{"success":true,"parcel":{"id":143,"hash":"b93314e64fcb50c2a1547631ccd0c0494f43ccc8","features":[],"settings":{"sandbox":false,"hosted_scripts":false},"voxels":"eJzt1KERwDAQBLG485SeGgwye0B6euDRnveM3XPB3t5+a792d//frIEte73673tgi/4AFf0BKvoDVPQHqOgPUNEfoKI/QEV/gIr+ABX9ASr6A1T0B6joD1DRH6CiP0BFf4CK/gAV/QEq+gNU9Aeo6A9Q0R+gsteff3tlb2+/tL+7D7p3/g8=","owner":"0x91ED1310bc8E36e5a90A996387E43e79fBbec88d","lightmap_status":"None","parcel_users":null,"description":"","name":"8 Track Passage","label":null,"address":"8 Track Passage","suburb":"Hiro","island":"Origin City","x1":-110,"y1":0,"z1":-64,"x2":-97,"y2":12,"z2":-52,"tileset":"/uploads/atlas-1579471635092.png","palette":["#000000","#888888","#000000","#000000","#3225b2","#6a35ba","#dee9fe","#acacac"],"is_common":false,"visible":true,"kind":"plot"}}