{"success":true,"parcel":{"id":1654,"hash":"19af2f4b6be0923dceb05a957305fec24a518ed9","features":[],"settings":{"sandbox":false,"hosted_scripts":false},"voxels":"eJzt2qERACAMBEHonNKpIZ+BidhFv4g4xz578FtFNjadzeRXv6e6gI7Zzb2/Bjr0Azn9QE4/kNMP5PQDOf1ATj+Q0w/k9AM5/UBudj9/mrOx+fl/9AJYetOw","owner":"0xBd4Eb0295468c80725017f74113F5AebBD6e8D12","lightmap_status":"None","parcel_users":null,"description":null,"name":null,"label":null,"address":"28 Boots Crossing","suburb":"Area 51","island":"Origin City","x1":-250,"y1":0,"z1":311,"x2":-243,"y2":8,"z2":324,"tileset":null,"brightness":null,"palette":null,"vox":null,"is_common":false,"visible":true,"kind":"plot"}}