{"success":true,"parcel":{"id":1744,"hash":"3f43ef1b125f96d2a43e5aa7cda909cf6d3d591f","features":[],"settings":{"sandbox":false,"hosted_scripts":false},"voxels":"eJzt1EEBACAAhDBtbnRj3IONDtx3px2Ake39/A/Y8T+gyv+AKv8DqvwPqPI/oMr/gCr/A6r8D6jyP6DK/4Aq/wOq/A+o8j+gyv+Aqg9RsgQf","owner":"0x0ba6A24246ab3cfc9d843373D76D8FD7fd7a3430","lightmap_status":"None","parcel_users":null,"description":null,"name":null,"label":null,"address":"54 Buffer Crossing","suburb":"West End","island":"Origin City","x1":-418,"y1":0,"z1":2,"x2":-410,"y2":10,"z2":18,"is_common":false,"visible":true,"kind":"plot"}}