{"success":true,"parcel":{"id":1749,"hash":"c84d5257ec941d2e1d6132817afce2252a0d410d","features":[{"url":"https://opensea.io/assets/0x05f02507c7134dbae420ab8c0ef56e999b59da03/32933","type":"nft-image","uuid":"26049da5-fa49-4699-9353-05dca3f24d7a","scale":[3,3,1],"position":[3.75,4.75,2.25],"rotation":[0,1.5707963267948966,0]},{"url":"https://opensea.io/assets/0x05f02507c7134dbae420ab8c0ef56e999b59da03/32937","type":"nft-image","uuid":"af84cde0-9bb7-4f3f-9aa2-1f22495bb4b6","scale":[3,3,1],"position":[3.75,4.75,-1.25],"rotation":[0,1.5707963267948966,0]},{"url":"https://opensea.io/assets/0x05f02507c7134dbae420ab8c0ef56e999b59da03/32941","type":"nft-image","uuid":"e8cbb05f-b4c3-414e-a720-ebb83444c917","scale":[3,3,1],"position":[1.75,4.75,-3.25],"rotation":[0,3.141592653589793,0]},{"url":"https://opensea.io/assets/0x05f02507c7134dbae420ab8c0ef56e999b59da03/32946","type":"nft-image","uuid":"bcd1e2e6-f5fe-465b-b3fd-2836fc9ce016","scale":[3,3,1],"position":[-1.75,4.75,-3.25],"rotation":[0,3.141592653589793,0]},{"link":"https://firstedition.art","text":"firstedition.art","type":"sign","uuid":"abda43df-f600-415c-96ab-983a41d202c4","scale":[1.875,0.5,0.5],"fontSize":50,"position":[3.75,2,0.5],"rotation":[0,1.5707963267948966,0]},{"link":"https://firstedition.art","text":"firstedition.art","type":"sign","uuid":"2e707377-873b-4dea-a6db-88112215c3c9","scale":[1.875,0.5,0.5],"fontSize":50,"position":[0,2,-3.25],"rotation":[0,3.141592653589793,0]}],"settings":{"sandbox":false,"hosted_scripts":false},"voxels":"eJzt07ENw0AQA0Grc5euDpQIjwXtmQs3PV7f6/B9HunvOq3T66n/69c7LfvZ7rTsZ7vTsp/tTst+tjst+9nutOxnu9Oyn+1Oy362Oy372e607Ge707Kf7U7LfrY7LfvZ7rTO78edvPp//t0NDsQu9A==","owner":"0x4090B585C6Ba6f8d8CBd76Aa805f28069c732ca3","lightmap_status":"None","parcel_users":null,"description":null,"name":"First Edition Gallery 2","label":null,"address":"6 Zero Square","suburb":"Axies","island":"Origin City","x1":345,"y1":0,"z1":-228,"x2":353,"y2":13,"z2":-220,"tileset":"/atlas/cfa9ee60c0f63cd75672a6e1320073a9e1fd8fab.png","palette":["#ffffff","#888888","#000000","#ff71ce","#01cdfe","#05ffa1","#b967ff","#fffb96"],"is_common":false,"visible":true,"kind":"plot"}}