{"success":true,"parcel":{"id":1823,"hash":"e9eb32e79af745a3aa000ebc477b6a0efb1bc51e","features":[],"settings":{"sandbox":false,"hosted_scripts":false},"voxels":"eJzt0rENwDAMBLF484zuGVT4oIJU/YWAO/9ZfN+QTbvZfPN/pgtauxt9/w0tvVHSGyW9UdIbJb1R0hslvVHSGyW9UdIbJb1R0hslvVHSGyW9UdIbJb1R0hslvVHSGyW9UdIbJb1R0hslvVHSGyW9UdIbpd29NY3alJv5XQ9Jx64=","owner":"0x0ba6A24246ab3cfc9d843373D76D8FD7fd7a3430","lightmap_status":"None","parcel_users":null,"description":null,"name":null,"label":null,"address":"3 Clicker Gateway","suburb":"Te Aro","island":"Origin City","x1":350,"y1":0,"z1":216,"x2":366,"y2":6,"z2":229,"is_common":false,"visible":true,"kind":"plot"}}