{"success":true,"parcel":{"id":1869,"hash":"49e7ac3313045f01699ce09709ccd37627f696d5","features":[],"settings":{"sandbox":false,"hosted_scripts":false},"voxels":"eJzt3LENwCAQBEHTuUt3CQSW0PKa+fQCgo1Z7zp4z4bNzE2rsd2Cmc62+v81zKRDCnRIgQ4p0CEFOqRAhxTokAIdUqBDCnRIgQ4p0CEFOqRAhxTokAIdUqBDCnRIgQ4p0CEFOqRAhxTokAIdUnDjnw82Ezf7+wBh2XD3","owner":"0xBd4Eb0295468c80725017f74113F5AebBD6e8D12","lightmap_status":"None","parcel_users":null,"description":null,"name":null,"label":null,"address":"9 Chiller Junction","suburb":"Area 51","island":"Origin City","x1":-317,"y1":0,"z1":291,"x2":-303,"y2":9,"z2":300,"is_common":false,"visible":true,"kind":"plot"}}