{"success":true,"parcel":{"id":2392,"hash":"de17ac97f6d97ee1da8c716c8b8fd8d85605d5bd","features":[],"settings":{"sandbox":false,"hosted_scripts":false},"voxels":"eJzt07ENwAAMw7D2857eIzwIAcjMHjLo/d7j9wzs7df99dv+X9awut9v9z2s9Acd/UFHf9DRH3T0Bx39QUd/0NEfdPQHHf1BR3/Q0R909Acd/UFHf9DRH3T0Bx39QUd/0NEfdPQHHf1BR3/Q0R909Acd/UHnfn9tv/b22367Hz2ZVNU=","owner":"0xBd4Eb0295468c80725017f74113F5AebBD6e8D12","lightmap_status":"None","parcel_users":null,"description":null,"name":null,"label":null,"address":"15 Luck Expressway","suburb":"Deep South","island":"Origin City","x1":-156,"y1":0,"z1":-468,"x2":-141,"y2":7,"z2":-452,"tileset":null,"brightness":null,"palette":null,"vox":null,"is_common":false,"visible":true,"kind":"plot"}}