{"success":true,"parcel":{"id":2528,"hash":"e6833728e3ad7116654d9570041a83aa31e5026b","features":[],"settings":{"sandbox":false,"hosted_scripts":false},"voxels":"eJzt0rENwDAMBLFk84yeGYSzARWk2i9U3Pu9y+4ZsD+/33az/ydrztvX273vOU8/FPqh0A+Ffij0Q6EfCv1Q6IdCPxT6odAPhX4o9EOhHwr9UOiHQj8U+qHY18/d3uxP72f3A1lpfQ8=","owner":"0x0ba6A24246ab3cfc9d843373D76D8FD7fd7a3430","lightmap_status":"None","parcel_users":null,"description":null,"name":null,"label":null,"address":"1 Batch Throughway","suburb":"Rome","island":"Origin City","x1":-288,"y1":0,"z1":410,"x2":-277,"y2":6,"z2":422,"is_common":false,"visible":true,"kind":"plot"}}