{"success":true,"parcel":{"id":2643,"hash":"caa5bae11af7ea1af869acedaa9bc4758d6a914e","features":[],"settings":{"sandbox":false,"hosted_scripts":false},"voxels":"eJzt27ENgDAQBEHcOaXTgldCb4RmPr3AwaZe9zp01wa7ud23O9hZMedcV++9jjl6odALhV4o9EKhFwq9UOiFQi8UeqHQC4VeKPRCoRcKvVDohUIvFHqh0AuFXij0QqEXCr1Q6IVCLxR6odALxV/+WdtN7fbuAb9B0bc=","owner":"0xBd4Eb0295468c80725017f74113F5AebBD6e8D12","lightmap_status":"None","parcel_users":null,"description":null,"name":null,"label":null,"address":"3 Shell Walk","suburb":"Midtown","island":"Origin City","x1":-222,"y1":0,"z1":-480,"x2":-207,"y2":7,"z2":-470,"is_common":false,"visible":true,"kind":"plot"}}