{"success":true,"parcel":{"id":3070,"hash":"e63f65db8abcd63b4fb074b1cd25a9948e63c80c","features":[{"url":"https://gateway.pinata.cloud/ipfs/QmSRfddAtUKM1PMx4YAi8grDMdyyjRqi2Jv9F4u7HG939w/3DVoxelPunk5217/3DVoxelPunk5217Head.vox","link":"https://opensea.io/assets/0x495f947276749ce646f68ac8c248420045cb7b5e/10011057856512296296013289979640135050179181920147171282386746772194074820609","type":"vox-model","uuid":"9b3bd51f-985e-4fb7-b312-a0d0b134a40e","flipX":true,"scale":[4,4,4],"script":"","version":"5.49.4","position":[2,3.7,-3.2],"rotation":[0,-1.57,0],"animation":{"keyframes":[{"frame":0,"value":[0,0,0]},{"frame":200,"value":[0,3.14159,0]},{"frame":400,"value":[0,6.28319,0]}],"destination":"rotation"}},{"url":"https://lh3.googleusercontent.com/BVHDtUi0TvFAXhNVHMtr-wYU53iYMZEqd6o3iauZxhoKtHEvNuaqPtbqFtYeZkuC31E3JwfjlFze9Nh2JR96S04=s0","type":"image","uuid":"13da8826-5a9d-4393-bf12-430c67e4f389","scale":[2,2,2],"script":"","uScale":1,"vScale":1,"stretch":false,"version":"5.48.7","position":[-4,-5.5,-2.75],"rotation":[1.22,4.71,0],"animation":{"keyframes":[]},"blendMode":"Multiply","transparent":false,"updateDaily":false},{"url":"https://opensea.io/assets/0xa7d8d9ef8d8ce8992df33d8b8cf4aebabd5bd270/117001370","type":"nft-image","uuid":"8352419a-0334-48ab-a7f3-c97a21f56c87","color":false,"scale":[1,1,0],"hasGui":true,"stretch":false,"version":"8.9.6","hasFrame":true,"inverted":false,"position":[-3,1.25,0.5],"rotation":[0,-1.57,0],"transparent":false,"hasGuiResizable":false,"emissiveColorIntensity":"0.50"},{"url":"https://lh3.googleusercontent.com/JkrIkSzw04hBzlsFh4KLjwG2f2A-gzy_xoASjFKDiF4HZCbU_wm-Nrw1UbccJSD-hNLKSGcSwK7rYXRKNhtZO1hT03Wnkv-k8UIW=s0","link":"https://opensea.io/assets/0xbc4ca0eda7647a8ab7c2061c2e118a18a936f13d/5259","type":"image","uuid":"88027341-ac71-4b11-8072-dffac7f95b4c","scale":[1,1,0],"uScale":1,"vScale":1,"opacity":"1.00","stretch":false,"version":"8.9.6","position":[-2.75,1.25,0.5],"rotation":[0,-1.57,0],"animation":{"keyframes":[],"destination":null},"blendMode":"Combine","transparent":false,"updateDaily":false}],"settings":{"sandbox":false,"hosted_scripts":true},"voxels":"eJzt08ENwDAMA7Fk84zeIeqHcSA1wkH33dEdVpmtq+82+rbp26Zvm75t/2vqu5n/tk301Hcv/23Tt03fNn3b9G3Tt03fNn3b9G3Tt03fNn3b9G3Tt03ftg9Sj+HM","owner":"0xCB6C9929AB68972Ada70dE72458139743C626856","lightmap_status":"None","parcel_users":null,"description":"NFTMeBaby's #3DVoxelPunks Tower Gallery - Featuring 3D Voxel art of #CryptoPunks:\n#2426\n#5901\n#5217\n#5516\n#3408\n#4596\n#6326","name":"3DVoxelPunks Tower Gallery","label":"gallery","address":"305 Proxima Tower","suburb":"Proxima","island":"Proxima","x1":-220,"y1":12,"z1":581,"x2":-208,"y2":18,"z2":591,"tileset":false,"brightness":2.5,"palette":["#ffffff","#888888","#000000","#ff71ce","#000000","#05ffa1","#b967ff","#fffb96"],"is_common":false,"visible":true,"kind":"unit"}}