{"success":true,"parcel":{"id":3168,"hash":"8369758517e719fd220109ae141df199c17603a8","features":[],"settings":{"sandbox":false,"hosted_scripts":false},"voxels":"eJzt27ENwDAMBLF484yeHVQYp4BU/YCLa33ec/meAbv9ux2dTVbsd7/re69kP31Spk/K9EmZPinTJ2X6pEyflOmTMn1Spk/K9EmZPinTJ2X6pEyflOmTMn1Spk/K9EmZPinTJ2X6pOzv/+bttu9m9wFvYunc","owner":"0x8Ac5c1CbaFc564Fbd01Ee4b116DeA85e6A593aB4","lightmap_status":"None","parcel_users":null,"description":null,"name":null,"label":null,"address":"705 Ceres Tower A","suburb":"Ceres","island":"Ceres","x1":-668,"y1":36,"z1":-148,"x2":-655,"y2":42,"z2":-134,"tileset":null,"brightness":null,"palette":null,"vox":null,"is_common":false,"visible":true,"kind":"unit"}}