{"success":true,"parcel":{"id":3175,"hash":"3b0c97d7b891e9cf1336502649ea23ad7b46464a","features":[],"settings":{"sandbox":false,"hosted_scripts":false},"voxels":"eJzt2LENhEAQBEHInMv8U0ArHvWhqnUZA9EW53VucseAXWe3y83eb7KiY5+u33s7OvRJmT4p0ydl+qRMn5TpkzJ9UqZPyvRJmT4p0ydlz/d57yl9coc+KdMnZfqkTJ+U6ZMyfVKmT8r8n6dMn5R9uc81rHqNVnb/2E2/++TWNV2+27VdaTe7H6hKUbg=","owner":"0x11d91151f54d4Edc390BA4Fc650aFdaEf4b676EE","lightmap_status":"None","parcel_users":null,"description":null,"name":null,"label":null,"address":"604 Ceres Tower A","suburb":"Ceres","island":"Ceres","x1":-655,"y1":30,"z1":-148,"x2":-642,"y2":36,"z2":-134,"tileset":null,"palette":null,"is_common":false,"visible":true,"kind":"unit"}}