{"success":true,"parcel":{"id":3237,"hash":"28ba3562cf80b18a8aec57bb7f9e1c9e76f9ab52","features":[],"settings":{"sandbox":false,"hosted_scripts":false},"voxels":"eJzt28EJwCAUBcHYeUpPC8IXDMuM1wce1qvrXYfPs8FuvrvTbWfF3Pl3cO5W5vRt07dN3zZ92/Rt07dN3zZ92/Rt07dN3zZ92/Rt07dN3zZ92/Rt07dN3zZ92/Rt07dN3zZ92/Rt07dN3zZ92/7+z9Buuts7H9rDuXw=","owner":"0x3f7dD0B106B10D06bb4813715B4E24D9E626dD64","lightmap_status":"None","parcel_users":null,"description":null,"name":null,"label":null,"address":"305 Trinity Tower A","suburb":"Trinity","island":"Trinity","x1":82,"y1":12,"z1":-580,"x2":98,"y2":18,"z2":-570,"is_common":false,"visible":true,"kind":"unit"}}