{"success":true,"parcel":{"id":3299,"hash":"e9286e10e3861bb658cb33e87e4b3f353fe6ed37","features":[],"settings":{"sandbox":false,"hosted_scripts":false},"voxels":"eJzt2rENwCAQBEHTuUt3CQSW0PKa+fQCgg1Z7zp4z4bNzE2rsd2Cmc62+v81zKRDCnRIgQ4p0CEFOqRAhxTokAIdUqBDCnRIgQ4p0CEFN/7JsZm42d8HoHJ/CA==","owner":"0x06c9A3570AbE133755733Cc4d53B5138B8AD7d1d","lightmap_status":"None","parcel_users":null,"description":null,"name":null,"label":null,"address":"21 The Bronx","suburb":"The Bronx","island":"The Bronx","x1":732,"y1":0,"z1":62,"x2":740,"y2":9,"z2":71,"is_common":false,"visible":true,"kind":"plot"}}