{"success":true,"parcel":{"id":336,"hash":"ba262d52932b0b510c27f77d232d7d1a8d6979c2","features":[],"settings":{"sandbox":false,"hosted_scripts":false},"voxels":"eJzt0iEOACAMBEH4OU/HnmwaSCpmak9U7D57wK0i2952wtX/rS7pmdHO+2/p0QNJDyQ9kPRA0gNJDyQ9kPRAmtHDn3ZsO9v6XS+2WsA=","owner":"0x2AC873e5D9Ca4c10Fe78861EAEe56d7E7D857E39","lightmap_status":"None","parcel_users":null,"description":null,"name":null,"label":null,"address":"16 Ben Walk","suburb":"Music District","island":"Origin City","x1":135,"y1":0,"z1":-124,"x2":141,"y2":6,"z2":-113,"tileset":null,"brightness":null,"palette":null,"vox":null,"is_common":false,"visible":true,"kind":"plot"}}