{"success":true,"parcel":{"id":3404,"hash":"d5c8f089abe58605e29178edf633c82253cbc9f3","features":[],"settings":{"sandbox":false,"hosted_scripts":false},"voxels":"eJzt2zEKwCAUBcF48xw91T+AgUhYZqwfWKyl616HzrXJxmY2/210dwHj3Fv4/mYwdE2RrinSNUW6pkjXFOmaIl1TpGuKdE2RrinSNUW6pkjXFOmaIl1TpGuKdE2RrinSNUW6pqj2h93G5m2jDzlZsWw=","owner":"0x7C00c9F0E7AeD440c0C730a9bD9Ee4F49de20D5C","lightmap_status":"None","parcel_users":null,"description":null,"name":null,"label":null,"address":"504 Proton Tower","suburb":"Proton","island":"Proton","x1":648,"y1":28,"z1":-251,"x2":660,"y2":35,"z2":-238,"tileset":null,"brightness":null,"palette":null,"vox":null,"is_common":false,"visible":true,"kind":"unit"}}