{"success":true,"parcel":{"id":3436,"hash":"63d419696a4bab5454350433e70b2fc2fb5a0613","features":[{"url":"https://opensea.io/assets/0x06012c8cf97bead5deae237070f9587f8e7a266d/1841131","type":"nft-image","uuid":"06860bd1-6899-4941-acce-876503dd4d66","color":false,"scale":[1,1,0],"stretch":false,"inverted":false,"position":[-5.25,3.75,3.25],"rotation":[0,4.71238898038469,0]},{"url":"https://opensea.io/assets/0x06012c8cf97bead5deae237070f9587f8e7a266d/1035361","type":"nft-image","uuid":"4c672b15-f286-44f5-bb9b-7e68092eb4fc","color":false,"scale":[1,1,0],"stretch":false,"inverted":false,"position":[-5.25,3.75,4.75],"rotation":[0,4.71238898038469,0]},{"url":"https://opensea.io/assets/0x06012c8cf97bead5deae237070f9587f8e7a266d/1836503","type":"nft-image","uuid":"7f93ca5f-2f25-4426-8351-c980dcf50833","color":false,"scale":[1,1,0],"stretch":false,"inverted":false,"position":[-5.25,3.75,6.25],"rotation":[0,4.71238898038469,0]},{"url":"https://opensea.io/assets/0x06012c8cf97bead5deae237070f9587f8e7a266d/1183879","type":"nft-image","uuid":"51fec75c-dea1-450b-83f7-7806b31d4763","color":false,"scale":[1,1,0],"stretch":false,"inverted":false,"position":[5.75,3.5,-5.75],"rotation":[0,1.5707963267948966,0]},{"url":"https://opensea.io/assets/0x06012c8cf97bead5deae237070f9587f8e7a266d/1133203","type":"nft-image","uuid":"6d70ed77-3001-4cab-b3da-21faea9a6c79","color":false,"scale":[1,1,0],"stretch":false,"inverted":false,"position":[5.75,3.5,4.75],"rotation":[0,1.5707963267948966,0]},{"url":"https://opensea.io/assets/0x06012c8cf97bead5deae237070f9587f8e7a266d/1143422","type":"nft-image","uuid":"7915c6f6-1050-4448-9a2a-1a8a71d3b729","color":false,"scale":[1,1,0],"stretch":false,"inverted":false,"position":[5.75,3.5,-2.75],"rotation":[0,1.5707963267948966,0]},{"url":"https://opensea.io/assets/0x06012c8cf97bead5deae237070f9587f8e7a266d/1140399","type":"nft-image","uuid":"56c8e3cb-23d7-48a4-b255-2e6ea95cc556","color":false,"scale":[1,1,0],"stretch":false,"inverted":false,"position":[5.75,3.5,-1.25],"rotation":[0,1.5707963267948966,0]},{"url":"https://opensea.io/assets/0x06012c8cf97bead5deae237070f9587f8e7a266d/1137948","type":"nft-image","uuid":"a1b05e3b-827d-4c3d-ad83-4dcc94f50692","color":false,"scale":[1,1,0],"stretch":false,"inverted":false,"position":[5.75,3.5,0.25],"rotation":[0,1.5707963267948966,0]},{"url":"https://opensea.io/assets/0x06012c8cf97bead5deae237070f9587f8e7a266d/1137662","type":"nft-image","uuid":"ad3b1e94-61f9-4f3d-9ca1-98cdc195c590","color":false,"scale":[1,1,0],"stretch":false,"inverted":false,"position":[5.75,3.5,1.75],"rotation":[0,1.5707963267948966,0]},{"url":"https://opensea.io/assets/0x06012c8cf97bead5deae237070f9587f8e7a266d/1137666","type":"nft-image","uuid":"8ec85083-e231-4bc0-8739-ec31ff85d4da","color":false,"scale":[1,1,0],"stretch":false,"inverted":false,"position":[5.75,3.5,3.25],"rotation":[0,1.5707963267948966,0]},{"url":"https://opensea.io/assets/0x06012c8cf97bead5deae237070f9587f8e7a266d/1175293","type":"nft-image","uuid":"58da48c7-d02f-4449-9989-7651759b3711","color":false,"scale":[1,1,0],"stretch":false,"inverted":false,"position":[5.75,3.5,-4.25],"rotation":[0,1.5707963267948966,0]},{"url":"https://opensea.io/assets/0x06012c8cf97bead5deae237070f9587f8e7a266d/1130048","type":"nft-image","uuid":"6d4b2fbd-b56a-45d7-ba13-202f6ef2401b","color":false,"scale":[1,1,0],"stretch":false,"inverted":false,"position":[5.75,3.5,6.25],"rotation":[0,1.5707963267948966,0]},{"url":"https://www.youtube.com/watch?v=j5a0jTc9S10&list=PL8LxeO4qJhBPheX-UV2INbVcfHjZwW239","type":"youtube","uuid":"1d2a04e5-67a7-447c-8929-f3991e14db4c","scale":[4,2,0],"inverted":false,"position":[0,2.75,6.75],"rotation":[0,0,0]},{"text":"Fancy Cat Gallery","type":"polytext","uuid":"7c293b9a-4946-42df-ade8-4e366c78c667","color":"#ffffff","scale":[0.2,0.2,0.2],"position":[0.2,5.25,7],"rotation":[0,4.71,0],"animation":{"keyframes":[],"destination":"rotation"}},{"url":"https://opensea.io/assets/0x06012c8cf97bead5deae237070f9587f8e7a266d/1881554","type":"nft-image","uuid":"7a1b73d3-e639-4e78-b9f6-619efe54e63f","color":false,"scale":[1,1,0],"stretch":false,"inverted":false,"position":[-5.25,3.75,-5.75],"rotation":[0,4.71238898038469,0]},{"url":"https://opensea.io/assets/0x06012c8cf97bead5deae237070f9587f8e7a266d/1869461","type":"nft-image","uuid":"6677b4a5-04ba-4f23-a392-fa6dd3a343ad","color":false,"scale":[1,1,0],"stretch":false,"inverted":false,"position":[-5.25,3.75,-4.25],"rotation":[0,4.71238898038469,0]},{"url":"https://opensea.io/assets/0x06012c8cf97bead5deae237070f9587f8e7a266d/1863797","type":"nft-image","uuid":"3a1416d2-3b9b-4cfa-b0fb-937803e9ce92","color":false,"scale":[1,1,0],"stretch":false,"inverted":false,"position":[-5.25,3.75,-2.75],"rotation":[0,4.71238898038469,0]},{"url":"https://opensea.io/assets/0x06012c8cf97bead5deae237070f9587f8e7a266d/1857964","type":"nft-image","uuid":"422b0311-09ef-4880-ba4a-c934557097bf","color":false,"scale":[1,1,0],"stretch":false,"inverted":false,"position":[-5.25,3.75,-1.25],"rotation":[0,4.71238898038469,0]},{"url":"https://opensea.io/assets/0x06012c8cf97bead5deae237070f9587f8e7a266d/1857941","type":"nft-image","uuid":"c3b37cf7-7af1-41da-8e3c-8d83cd8f6a51","color":false,"scale":[1,1,0],"stretch":false,"inverted":false,"position":[-5.25,3.75,0.25],"rotation":[0,4.71238898038469,0]},{"url":"https://opensea.io/assets/0x06012c8cf97bead5deae237070f9587f8e7a266d/1843990","type":"nft-image","uuid":"c9286236-d939-4105-8839-db197b445852","color":false,"scale":[1,1,0],"stretch":false,"inverted":false,"position":[-5.25,3.75,1.75],"rotation":[0,4.71238898038469,0]}],"settings":{"sandbox":false,"hosted_scripts":false},"voxels":"eJzt3CEOwCAUREFA9tQcvXJ1CaWBzqz+huRZaq9L14rZ+7v62NbWUHuBBfQAoQcIPUDoAUIPEHqA0APE2T20qW/F+fQw847d6WHmHbvTw8w7dqcHiLN7gGf0AKEHCD1A6AFCDxB6gNADhB4gdunh639I7B8b7eEGhKUUnQ==","owner":"0x7C00c9F0E7AeD440c0C730a9bD9Ee4F49de20D5C","lightmap_status":"None","parcel_users":null,"description":null,"name":null,"label":null,"address":"201 Proton Tower","suburb":"Proton","island":"Proton","x1":632,"y1":7,"z1":-238,"x2":644,"y2":14,"z2":-224,"tileset":"/uploads/atlas/034b408607bbe71c99d273c8b46b355542d74aa1.png","is_common":false,"visible":true,"kind":"unit"}}