{"success":true,"parcel":{"id":3439,"hash":"4b7532cb6877b965c10eac8cf04bc465da662db4","features":[],"settings":{"sandbox":false,"hosted_scripts":false},"voxels":"eJzt3CEOwCAUBcFy8x69cvVHkNDMoF+CYC3rXYfPs8HObrq7413vrGDqfEfnbglTeoDoAaIHiB4geoDoAaIHiB4geoDoAaIHiB4geoDoAaIHiB4geoDoAaIHiB4gf/+Xw85utts7H1J5zaQ=","owner":"0x970A02d284c4582F31A654eed4EcC99aC976e314","lightmap_status":"None","parcel_users":null,"description":null,"name":null,"label":null,"address":"501 Proton Tower","suburb":"Proton","island":"Proton","x1":632,"y1":28,"z1":-238,"x2":644,"y2":35,"z2":-224,"is_common":false,"visible":true,"kind":"unit"}}