{"success":true,"parcel":{"id":3447,"hash":"fa7646106cf1e411168d003c4d91f8973bb5dda7","features":[],"settings":{"sandbox":false,"hosted_scripts":false},"voxels":"eJzt2zEKwCAUBcF48xw91T+AgUhYZqwfWKyl616HzrXJxmY2/210dwHj3Fv4/mYwdE2RrinSNUW6pkjXFOmaIl1TpGuKdE2RrinSNUW6pkjXFOmaIl1TpGuKdE2RrinSNUW6pqj2h93G5m2jDzlZsWw=","owner":"0xf8797c56D27863c81240bF7F9d158519229397D5","lightmap_status":"None","parcel_users":null,"description":null,"name":null,"label":null,"address":"305 Proton Tower","suburb":"Proton","island":"Proton","x1":632,"y1":14,"z1":-264,"x2":644,"y2":21,"z2":-251,"tileset":null,"brightness":null,"palette":null,"vox":null,"is_common":false,"visible":true,"kind":"unit"}}