{"success":true,"parcel":{"id":3725,"hash":"c6903cfb5ce73e356b3e3199461eee08bf85d670","features":[{"url":"https://cdn.discordapp.com/attachments/697775977526460486/813479572443889664/wheel.png","link":"https://app.rarible.com/ogar","type":"image","uuid":"0a3897b7-3450-4a15-8c24-dc276792f477","scale":[1,0.5,0],"script":"","uScale":1,"vScale":1,"stretch":true,"version":"5.20.5","position":[0.8,1.05,3.25],"rotation":[0,4.71238898038469,0],"animation":{"keyframes":[]},"blendMode":"Combine","transparent":"AlphaBlend","updateDaily":false},{"url":"https://cdn.discordapp.com/attachments/697775977526460486/813941957930778624/polaroid1.jpg","type":"image","uuid":"f085d522-a753-483a-b430-1e9aad460481","scale":[0.6,0.6,0],"script":"","uScale":1,"vScale":1,"stretch":true,"version":"5.20.5","position":[5,2.78,-1.53],"rotation":[0,1.5707963267948966,0],"animation":{"keyframes":[]},"blendMode":"Combine","transparent":false,"updateDaily":false},{"url":"https://cdn.discordapp.com/attachments/697775977526460486/813550616998838312/BtcPhoenix.jpg","type":"image","uuid":"7c033777-b337-4d86-b2fd-0558fb74ed85","scale":[1.95,1.95,0],"script":"","uScale":1,"vScale":1,"stretch":true,"version":"5.20.5","position":[4.85,3.35,0.25],"rotation":[-0.77,1.57,0],"animation":{"keyframes":[]},"blendMode":"Combine","transparent":false,"updateDaily":false},{"url":"https://cdn.discordapp.com/attachments/697769684136755220/813958674166054922/Twitter2.vox","link":"https://twitter.com/Dat_Ogar","type":"vox-model","uuid":"d65f5dbb-33b2-49b9-8e4c-15627d0d3089","flipX":true,"scale":[1,1,1],"script":"","version":"5.21.0","position":[-2.48,1.45,-1.51],"rotation":[0,1.5707963267948966,0],"animation":{"keyframes":[{"frame":0,"value":[0,0,0]},{"frame":360,"value":[0,-6.28319,0]}],"destination":"rotation"},"collidable":true},{"url":"https://cdn.discordapp.com/attachments/697769684136755220/813451726345470022/capsule4.vox","type":"vox-model","uuid":"51e7df7a-71f4-41be-a50e-bc22dacb88e1","flipX":true,"scale":[1.9,2,1.9],"script":"","version":"5.20.5","position":[-2.49,0.8,-1.4],"rotation":[0,1.5707963267948966,0],"animation":{"keyframes":[{"frame":0,"value":[1.9,2,1.9]},{"frame":15,"value":[1.9,2.25,1.9]},{"frame":30,"value":[1.9,2,1.9]}],"destination":"scaling"},"cubescale":false,"collidable":true},{"url":"https://cdn.discordapp.com/attachments/697775977526460486/813465937457971311/hire.png","type":"image","uuid":"552dbd7d-9fb2-4d7b-836d-d9fe02cf6d69","scale":[1,0.5,0],"script":"","uScale":1,"vScale":1,"stretch":true,"version":"5.20.5","position":[-4.2,1.05,0.25],"rotation":[0,4.71238898038469,0],"animation":{"keyframes":[]},"blendMode":"Combine","transparent":"AlphaBlend","updateDaily":false},{"url":"https://cdn.discordapp.com/attachments/697775977526460486/813465935398436924/magall.png","link":"https://www.cryptovoxels.com/play?coords=E@666W,596S","type":"image","uuid":"9367183d-0d88-44f2-876a-7b69c19524c6","scale":[1,0.5,0],"script":"","uScale":1,"vScale":1,"stretch":true,"version":"5.20.5","position":[-4.2,1.05,2.25],"rotation":[0,4.71238898038469,0],"animation":{"keyframes":[]},"blendMode":"Combine","transparent":"AlphaBlend","updateDaily":false},{"url":"https://cdn.discordapp.com/attachments/697775977526460486/813472562670600242/zonted.png","link":"https://www.cryptovoxels.com/play?coords=E@313E,612N","type":"image","uuid":"fbbedff7-3b1a-4908-bfa0-9e2568568249","scale":[1,0.5,0],"script":"","uScale":1,"vScale":1,"stretch":true,"version":"5.20.5","position":[-4.2,1.05,4.25],"rotation":[0,4.71238898038469,0],"animation":{"keyframes":[]},"blendMode":"Combine","transparent":"AlphaBlend","updateDaily":false},{"url":"https://cdn.discordapp.com/attachments/697775977526460486/813472559555149904/ultraracks.png","link":"https://www.cryptovoxels.com/play?coords=S@148E,270N","type":"image","uuid":"05a7f99d-6d38-4353-988b-78639d02414a","scale":[1,0.5,0],"script":"","uScale":1,"vScale":1,"stretch":true,"version":"5.20.5","position":[4.7,1.05,4.25],"rotation":[0,1.57,0],"animation":{"keyframes":[]},"blendMode":"Combine","transparent":"AlphaBlend","updateDaily":false},{"url":"https://cdn.discordapp.com/attachments/697775977526460486/813472633055739954/moon.png","link":"https://www.cryptovoxels.com/play?coords=SW@216W,311S","type":"image","uuid":"799575b6-c637-4af3-8602-3515207db001","scale":[1,0.5,0],"script":"","uScale":1,"vScale":1,"stretch":true,"version":"5.20.5","position":[4.7,1.05,2.25],"rotation":[0,1.57,0],"animation":{"keyframes":[]},"blendMode":"Combine","transparent":"AlphaBlend","updateDaily":false},{"url":"https://cdn.discordapp.com/attachments/697775977526460486/813472638818189312/phoenix.png","link":"https://www.cryptovoxels.com/play?coords=E@139E,184S","type":"image","uuid":"93f38d4d-cf98-4e1c-84d0-692cbd815c12","scale":[1,0.5,0],"script":"","uScale":1,"vScale":1,"stretch":true,"version":"5.20.5","position":[4.7,1.05,0.25],"rotation":[0,1.57,0],"animation":{"keyframes":[]},"blendMode":"Combine","transparent":"AlphaBlend","updateDaily":false},{"url":"https://cdn.discordapp.com/attachments/697775977526460486/813479572443889664/wheel.png","link":"https://app.rarible.com/ogar","type":"image","uuid":"a2527624-9418-4fa9-b309-c746e4cbf01a","scale":[1,0.5,0],"script":"","uScale":1,"vScale":1,"stretch":true,"version":"5.20.5","position":[-0.3,1.05,3.25],"rotation":[0,1.57,0],"animation":{"keyframes":[]},"blendMode":"Combine","transparent":"AlphaBlend","updateDaily":false},{"url":"https://cdn.discordapp.com/attachments/697775977526460486/813550741003304970/Ultraracks.jpg","type":"image","uuid":"1ffa198f-cda5-4628-a3cc-eb0d60d14cae","scale":[1.95,1.95,0],"script":"","uScale":1,"vScale":1,"stretch":true,"version":"5.20.5","position":[4.85,3.35,4.25],"rotation":[-0.77,1.57,0],"animation":{"keyframes":[]},"blendMode":"Combine","transparent":false,"updateDaily":false},{"url":"https://cdn.discordapp.com/attachments/697775977526460486/813550776982700032/Zonted.jpg","type":"image","uuid":"cb167a32-e783-4b6d-ab94-902584045841","scale":[1.95,1.95,0],"script":"","uScale":1,"vScale":1,"stretch":true,"version":"5.20.5","position":[-4.35,3.35,4.25],"rotation":[-0.77,4.71,0],"animation":{"keyframes":[]},"blendMode":"Combine","transparent":false,"updateDaily":false},{"url":"https://cdn.discordapp.com/attachments/697775977526460486/813550633273655296/catacombs.jpg","type":"image","uuid":"6ce358b2-76e3-4611-8a04-377e91c3e436","scale":[1.95,1.95,0],"script":"","uScale":1,"vScale":1,"stretch":true,"version":"5.20.5","position":[-4.35,3.35,2.25],"rotation":[-0.77,4.71,0],"animation":{"keyframes":[]},"blendMode":"Combine","transparent":false,"updateDaily":false},{"url":"https://cdn.discordapp.com/attachments/697775977526460486/813558520347492362/ogar.jpg","type":"image","uuid":"a61c512b-af29-4e65-b3d1-096421d74e4a","scale":[1.95,1.95,0],"script":"","uScale":1,"vScale":1,"stretch":true,"version":"5.20.5","position":[-4.35,3.35,0.25],"rotation":[-0.77,4.71,0],"animation":{"keyframes":[]},"blendMode":"Combine","transparent":false,"updateDaily":false},{"url":"https://cdn.discordapp.com/attachments/697769684136755220/781634625217888276/bitcoin_medal2.vox","type":"megavox","uuid":"4e2d8175-ef3d-4f94-a795-0a9c8be4dea0","flipX":true,"scale":[0.22,0.22,0.22],"script":"","version":"5.20.3","position":[5.42,1.6,0.3],"rotation":[0.35,-3.32,-1.22],"animation":{"keyframes":[{"frame":0,"value":[0,0,0]},{"frame":60,"value":[0,0.05,0]},{"frame":120,"value":[0,0,0]}],"destination":"position"}},{"url":"https://cdn.discordapp.com/attachments/697769684136755220/720632874629595206/marines_jambes1.vox","type":"vox-model","uuid":"b60fcb72-7ee5-45a0-81ca-b0de62c7fdbd","flipX":true,"scale":[0.6,0.7,0.6],"script":"","version":"5.20.0","position":[5.2,1.25,4.2],"rotation":[0,-1.57,0],"animation":{"keyframes":[]}},{"url":"https://cdn.discordapp.com/attachments/697769684136755220/719593029815631922/marines_torso1.vox","type":"vox-model","uuid":"bd1f0dc1-cb1f-4c28-b48d-a584037ab844","flipX":true,"scale":[0.6,0.6,0.6],"script":"","version":"5.20.0","position":[5.2,1.65,4.2],"rotation":[0,-1.57,0],"animation":{"keyframes":[{"frame":0,"value":[0.6,0.6,0.6]},{"frame":30,"value":[0.6,0.61,0.6]},{"frame":60,"value":[0.6,0.6,0.6]}],"destination":"scaling"}},{"url":"https://cdn.discordapp.com/attachments/697769684136755220/720632199979728946/marines_tete2.vox","type":"vox-model","uuid":"b2d6fc18-7a95-4304-b9d6-2069713af0df","flipX":true,"scale":[0.35,0.35,0.35],"script":"","version":"5.20.0","position":[5.2,1.92,4.22],"rotation":[0,-1.57,0],"animation":{"keyframes":[{"frame":0,"value":[0,-1.5708,0]},{"frame":30,"value":[0,-1.74533,0]},{"frame":60,"value":[0,-1.5708,0]}],"destination":"rotation"}},{"type":"lantern","uuid":"4ec0c3ee-d5ac-444d-8898-20acf20957e0","color":"#ffffff","scale":[0.3,0.1,0.3],"version":"5.20.2","position":[0.77,4.65,5.65],"rotation":[0,0,0],"strength":"20"},{"url":"https://opensea.io/assets/0x3ee93c76aebd833e27ebe2b3147899c0834bc863/2","type":"nft-image","uuid":"888c0634-59a7-4a5b-9173-167bfac669bb","color":false,"scale":[1.8,3.2,0],"hasGui":true,"script":"","stretch":true,"version":"15030","hasFrame":true,"inverted":false,"position":[0.25,6.6,-2.8],"rotation":[0,-3.14159,0],"blendMode":"Combine","transparent":false,"emissiveColorIntensity":"0.50"},{"url":"https://opensea.io/assets/0x3ee93c76aebd833e27ebe2b3147899c0834bc863/30","type":"nft-image","uuid":"6cf84edc-43f3-4fd0-bd4a-916e8cf68aea","color":false,"scale":[4.4,2.47,0],"hasGui":true,"script":"","stretch":true,"version":"15030","hasFrame":true,"inverted":false,"position":[-4.8,6.3,0.1],"rotation":[0,-1.5708,0],"blendMode":"Combine","transparent":false,"emissiveColorIntensity":"0.50"},{"url":"https://opensea.io/assets/0x3ee93c76aebd833e27ebe2b3147899c0834bc863/43","type":"nft-image","uuid":"c806505e-ad94-4f38-8b00-99fe187870c1","color":false,"scale":[4.4,2.47,0],"hasGui":true,"script":"","stretch":true,"version":"15030","hasFrame":true,"inverted":false,"position":[5.25,6.3,0.1],"rotation":[0,1.5708,0],"blendMode":"Combine","transparent":false,"emissiveColorIntensity":"0.50"},{"url":"https://cdn.discordapp.com/attachments/697769684136755220/810918856801255484/skull32_2.vox","type":"vox-model","uuid":"0f18af19-7d31-420e-8bd4-2f34bd7725d2","flipX":true,"scale":[1.2,1.2,1.2],"script":"","version":"5.20.5","position":[-4.75,1.25,2.34],"rotation":[0,1.57,0],"animation":{"keyframes":[{"frame":0,"value":[0,0,0]},{"frame":60,"value":[0,0.1,0]},{"frame":120,"value":[0,0,0]}],"destination":"position"}},{"url":"https://cdn.discordapp.com/attachments/697769684136755220/751138206686118059/moon.vox","type":"vox-model","uuid":"d7a39a95-50c1-4839-a233-1a203833ba10","flipX":true,"scale":[1,1,1],"script":"","version":"5.20.0","position":[5.2,1.35,2.16],"rotation":[0.35,0.17,0],"animation":{"keyframes":[{"frame":0,"value":[0,0,0]},{"frame":60,"value":[0,0.05,0]},{"frame":120,"value":[0,0,0]}],"destination":"position"}},{"url":"https://cdn.discordapp.com/attachments/697769684136755220/756500716344049694/chat.vox","type":"vox-model","uuid":"f15781e9-f8a6-4771-a708-287bf5bdf25c","flipX":true,"scale":[1,1,1],"script":"","version":"5.20.5","position":[-4.85,1.25,6.25],"rotation":[0,0,0],"animation":{"keyframes":[]}},{"type":"lantern","uuid":"d02a7567-e7dc-43e5-98b8-0582b911d0ad","color":"#ffffff","scale":[0.3,0.1,0.3],"version":"5.20.2","position":[1.07,4.65,1.55],"rotation":[0,0,0],"strength":"20"},{"url":"https://cdn.discordapp.com/attachments/697769684136755220/756503016626061382/chat_bras.vox","type":"vox-model","uuid":"5a74fea1-e5bc-412e-855a-867d8f2c249f","flipX":true,"scale":[0.7,0.7,0.7],"script":"","version":"5.20.5","position":[-4.8,1.3,6.5],"rotation":[0,0,0],"animation":{"keyframes":[{"frame":0,"value":[0,0,0]},{"frame":30,"value":[0,0,-0.17453]},{"frame":60,"value":[0,0,0]}],"destination":"rotation"}},{"url":"https://cdn.discordapp.com/attachments/697769684136755220/720630292204879902/marines_epaules3.vox","type":"vox-model","uuid":"093f15a2-f29b-4e42-b1f1-cb95baaa22e8","flipX":true,"scale":[0.4,0.4,0.4],"script":"","version":"5.20.0","position":[5.2,1.76,4.52],"rotation":[0,1.57,-0.17],"animation":{"keyframes":[{"frame":0,"value":[0,0,0]},{"frame":60,"value":[0,0.02,0]},{"frame":120,"value":[0,0,0]}],"destination":"position"}},{"url":"https://cdn.discordapp.com/attachments/697769684136755220/719591960461180988/marines_epaules1.vox","type":"vox-model","uuid":"6a33d7ac-6719-47d5-8289-f128c8d9a533","flipX":true,"scale":[-0.4,0.4,-0.4],"script":"","version":"5.20.0","position":[5.2,1.76,3.96],"rotation":[0,1.57,0.17],"animation":{"keyframes":[{"frame":0,"value":[0,0,0]},{"frame":60,"value":[0,0.02,0]},{"frame":120,"value":[0,0,0]}],"destination":"position"}},{"url":"https://cdn.discordapp.com/attachments/697769684136755220/719598051748085842/marines_mains1.vox","type":"vox-model","uuid":"21a80be7-bb59-4ad8-8dd8-f50ac78b9ebb","flipX":true,"scale":[0.4,0.4,0.4],"script":"","version":"5.20.0","position":[5.15,1.8,4.55],"rotation":[-2.27,1.05,0],"animation":{"keyframes":[{"frame":0,"value":[0,0,0]},{"frame":60,"value":[0,0.02,0]},{"frame":120,"value":[0,0,0]}],"destination":"position"}},{"url":"https://cdn.discordapp.com/attachments/697769684136755220/719598051748085842/marines_mains1.vox","type":"vox-model","uuid":"65358f87-d7f4-4f49-9afd-00c006ad21ca","flipX":true,"scale":[-0.4,-0.4,0.4],"script":"","version":"5.20.0","position":[5.23,1.7,3.96],"rotation":[0.52,0.7,-1.05],"animation":{"keyframes":[{"frame":0,"value":[0,0,0]},{"frame":60,"value":[0,0.02,0]},{"frame":120,"value":[0,0,0]}],"destination":"position"}},{"url":"https://cdn.discordapp.com/attachments/697769684136755220/719597865042968646/marines_bolter1.vox","type":"vox-model","uuid":"90b6985f-df43-489e-b15f-e06dfdfca87e","flipX":true,"scale":[0.55,0.55,0.55],"script":"","version":"5.20.0","position":[5.05,1.45,4.22],"rotation":[0,-1.22,0.17],"animation":{"keyframes":[{"frame":0,"value":[0,0,0]},{"frame":60,"value":[0,0.02,0]},{"frame":120,"value":[0,0,0]}],"destination":"position"}},{"url":"https://cdn.discordapp.com/attachments/697775977526460486/706231680620429452/eclairage.jpg","type":"image","uuid":"854ebb9e-a2d9-4f66-be24-7fb34e505ad3","scale":[1,1,0],"script":"","uScale":1,"vScale":1,"stretch":false,"version":"5.20.2","position":[-4.75,1.25,0.25],"rotation":[1.57,4.71,0],"animation":{"keyframes":[]},"blendMode":"Screen","transparent":false,"updateDaily":false},{"url":"https://cdn.discordapp.com/attachments/697775977526460486/706231680620429452/eclairage.jpg","type":"image","uuid":"cc16fa0f-cfc2-47f1-b087-afdac754f57a","scale":[1,1,0],"script":"","uScale":1,"vScale":1,"stretch":false,"version":"5.20.2","position":[-4.75,1.25,2.25],"rotation":[1.57,4.71,0],"animation":{"keyframes":[]},"blendMode":"Screen","transparent":false,"updateDaily":false},{"url":"https://cdn.discordapp.com/attachments/697775977526460486/706231680620429452/eclairage.jpg","type":"image","uuid":"c231d6f3-2a1d-40b2-9698-03efeec292e9","scale":[1,1,0],"script":"","uScale":1,"vScale":1,"stretch":false,"version":"5.20.2","position":[-4.75,1.25,4.25],"rotation":[1.57,4.71,0],"animation":{"keyframes":[]},"blendMode":"Screen","transparent":false,"updateDaily":false},{"url":"https://cdn.discordapp.com/attachments/697775977526460486/706231680620429452/eclairage.jpg","type":"image","uuid":"e774157b-acef-482a-8f8f-d513cc4e9c7b","scale":[1,1,0],"script":"","uScale":1,"vScale":1,"stretch":false,"version":"5.20.2","position":[5.25,1.25,4.25],"rotation":[1.57,4.71,0],"animation":{"keyframes":[]},"blendMode":"Screen","transparent":false,"updateDaily":false},{"url":"https://cdn.discordapp.com/attachments/697775977526460486/706231680620429452/eclairage.jpg","type":"image","uuid":"5ffdcb08-f53e-4984-b548-c6bf06ae772e","scale":[1,1,0],"script":"","uScale":1,"vScale":1,"stretch":false,"version":"5.20.2","position":[5.25,1.25,2.25],"rotation":[1.57,4.71,0],"animation":{"keyframes":[]},"blendMode":"Screen","transparent":false,"updateDaily":false},{"url":"https://cdn.discordapp.com/attachments/697775977526460486/706231680620429452/eclairage.jpg","type":"image","uuid":"abe34187-7b00-4ecc-a77b-b999550fb4bc","scale":[1,1,0],"script":"","uScale":1,"vScale":1,"stretch":false,"version":"5.20.2","position":[5.25,1.25,0.25],"rotation":[1.57,4.71,0],"animation":{"keyframes":[]},"blendMode":"Screen","transparent":false,"updateDaily":false},{"url":"https://cdn.discordapp.com/attachments/697769684136755220/813458331376680970/capsule2.vox","type":"vox-model","uuid":"e3e377b7-894b-46ee-b400-eb1866df6f9c","flipX":true,"scale":[2.9,2.6,2.9],"script":"","version":"5.20.5","position":[5.2,0.75,0.02],"rotation":[0,-1.57,0],"animation":{"keyframes":[]}},{"url":"https://cdn.discordapp.com/attachments/697769684136755220/813458331376680970/capsule2.vox","type":"vox-model","uuid":"f8e86807-92ed-43df-bd3b-066edbde8a3e","flipX":true,"scale":[2.9,2.6,2.9],"script":"","version":"5.20.5","position":[5.2,0.75,2.02],"rotation":[0,-1.57,0],"animation":{"keyframes":[]}},{"url":"https://cdn.discordapp.com/attachments/697769684136755220/813458331376680970/capsule2.vox","type":"vox-model","uuid":"790b9132-9ef8-4132-bbe3-103a1070b4a9","flipX":true,"scale":[2.9,2.6,2.9],"script":"","version":"5.20.5","position":[-4.7,0.75,0.48],"rotation":[0,-4.71,0],"animation":{"keyframes":[]}},{"url":"https://cdn.discordapp.com/attachments/697769684136755220/813458331376680970/capsule2.vox","type":"vox-model","uuid":"b2d92db3-2ebd-4964-8143-b3bd8bb5aa23","flipX":true,"scale":[2.9,2.6,2.9],"script":"","version":"5.20.5","position":[-4.7,0.75,2.48],"rotation":[0,-4.71,0],"animation":{"keyframes":[]}},{"url":"https://cdn.discordapp.com/attachments/697769684136755220/813458331376680970/capsule2.vox","type":"vox-model","uuid":"8fa6bb5b-e11f-4035-8eb1-f4a9d60160a8","flipX":true,"scale":[2.9,2.6,2.9],"script":"","version":"5.20.5","position":[-4.7,0.75,4.48],"rotation":[0,-4.71,0],"animation":{"keyframes":[]}},{"url":"https://cdn.discordapp.com/attachments/697769684136755220/813458331376680970/capsule2.vox","type":"vox-model","uuid":"22d0d12b-997a-4edd-b92e-0ff37eddaba4","flipX":true,"scale":[2.9,2.6,2.9],"script":"","version":"5.20.5","position":[5.2,0.75,4.02],"rotation":[0,-1.57,0],"animation":{"keyframes":[]}},{"url":"https://cdn.discordapp.com/attachments/697769684136755220/813458315635327016/capsule.vox","type":"vox-model","uuid":"dffe81c6-cee3-44d3-835d-63c211ea7056","flipX":true,"scale":[2.9,2.6,2.9],"script":"","version":"5.20.5","position":[0.22,0.75,3.02],"rotation":[0,-1.57,0],"animation":{"keyframes":[]}},{"url":"https://cdn.discordapp.com/attachments/697775977526460486/706231680620429452/eclairage.jpg","type":"image","uuid":"f01cb155-7d4d-4394-bb42-20f797d260b1","scale":[1,1,0],"script":"","uScale":1,"vScale":1,"stretch":false,"version":"5.20.4","position":[0.25,1.25,3.25],"rotation":[1.57,4.71,0],"animation":{"keyframes":[]},"blendMode":"Screen","transparent":false,"updateDaily":false},{"url":"https://ipfs.eternum.io/ipfs/QmcG9XwoUEPovBb1rVU2oZMKFnaJm2DHhPoBFuwQGYT5Th/WH33L_PROTOTYPE_OMEGA.vox","type":"megavox","uuid":"25520c28-d57f-4708-9145-0b2303cf91fd","flipX":true,"scale":[0.4,0.4,0.4],"script":"","version":"5.20.5","position":[0.25,1.25,3.25],"rotation":[0,-0.87,0],"animation":{"keyframes":[{"frame":0,"value":[0,0,0]},{"frame":720,"value":[0,-6.28319,0]}],"destination":"rotation"}},{"url":"https://cdn.discordapp.com/attachments/697769684136755220/813587652502224906/Bnolan3.vox","link":"https://twitter.com/bnolan","type":"megavox","uuid":"2acd1615-cb37-42cf-bf92-6d598e35b694","flipX":true,"scale":[1.2,1.2,1.2],"script":"","version":"5.27.4","position":[2.9,0.8,-2.1],"rotation":[0,-0.52,0],"animation":{"keyframes":[]},"collidable":true},{"type":"spawn-point","uuid":"dee82b18-0bb8-45e8-bb34-cfe5d869eef2","scale":[1,1,1],"version":"5.20.5","position":[0.18,0.75,-3.25],"rotation":[0,0,0]},{"url":"https://cdn.discordapp.com/attachments/697769684136755220/813429443405414500/zonted.vox","type":"megavox","uuid":"8bdb31ca-2485-4a28-8ee0-32f22b026229","flipX":true,"scale":[0.3,0.3,0.3],"script":"","version":"5.20.5","position":[-4.4,1.3,4.25],"rotation":[0,1.57,0],"animation":{"keyframes":[{"frame":0,"value":[0.3,0.3,0.3]},{"frame":30,"value":[0.31,0.31,0.31]},{"frame":60,"value":[0.3,0.3,0.3]}],"destination":"scaling"}},{"url":"https://cdn.discordapp.com/attachments/697769684136755220/813440717053231124/build.vox","link":"","type":"vox-model","uuid":"24cbb1b8-9327-45f6-a1a2-eaf9db070d90","flipX":true,"scale":[1,1,1],"script":"","version":"5.20.5","position":[-4.8,1.35,0.2],"rotation":[0.17,0.17,0.17],"animation":{"keyframes":[{"frame":0,"value":[1,1,1]},{"frame":30,"value":[0.9,0.9,0.9]},{"frame":60,"value":[1,1,1]}],"destination":"scaling"},"cubescale":false},{"type":"lantern","uuid":"4d556596-d482-4515-87b2-fa31229c3428","color":"#ffffff","scale":[0.3,0.1,0.3],"version":"5.20.2","position":[-0.79,4.65,2.35],"rotation":[0,0,0],"strength":"20"},{"url":"https://cdn.discordapp.com/attachments/697769684136755220/816491127163191346/OgarMuseum1.vox","type":"megavox","uuid":"007e383f-3af8-4a62-9e7c-6c705334b32b","flipX":true,"scale":[5.2,5.2,5],"script":"","version":"5.69.4","position":[-0.17,0.7,1.32],"rotation":[0,0,0],"animation":{"keyframes":[]},"collidable":true},{"url":"https://opensea.io/assets/0x3ee93c76aebd833e27ebe2b3147899c0834bc863/3","type":"nft-image","uuid":"30664be8-2f38-4e5c-b845-f675ca8ea3b0","color":false,"scale":[3,3,0],"script":"","stretch":false,"version":"12161","hasFrame":true,"inverted":false,"position":[-2.45,6.6,-2.8],"rotation":[0,-3.14159,0],"blendMode":"Combine"},{"url":"https://opensea.io/assets/0x3ee93c76aebd833e27ebe2b3147899c0834bc863/39","type":"nft-image","uuid":"474223e2-5133-42e2-963c-9ec4849c270e","color":false,"scale":[3,3,0],"script":"","stretch":true,"version":"12161","hasFrame":true,"inverted":false,"position":[2.95,6.6,-2.8],"rotation":[0,-3.14159,0],"blendMode":"Combine"},{"url":"https://cdn.discordapp.com/attachments/697775977526460486/724714406134546432/WINDOWS.png","type":"image","uuid":"b78ec007-394d-4f84-8e82-a0fd39538a78","scale":[8.6,2.9,0],"script":"","uScale":1,"vScale":1,"stretch":false,"version":"5.21.1","position":[0.25,8.76,-0.6],"rotation":[1.57,0,0],"animation":{"keyframes":[]},"blendMode":"Multiply","transparent":false,"updateDaily":false},{"url":"https://cdn.discordapp.com/attachments/697775977526460486/813941881993953290/polaroid4.jpg","type":"image","uuid":"d99340d3-56db-4bc1-8c59-d2ceb9eac357","scale":[0.6,0.6,0],"script":"","uScale":1,"vScale":1,"stretch":true,"version":"5.20.5","position":[-4.5,1.73,-1.53],"rotation":[0,1.5707963267948966,0],"animation":{"keyframes":[]},"blendMode":"Combine","transparent":false,"updateDaily":false},{"url":"https://cdn.discordapp.com/attachments/697775977526460486/813941908417675294/polaroid6.jpg","type":"image","uuid":"9fc6839f-60b4-4db6-bc28-5163f81cbe32","scale":[0.6,0.6,0],"script":"","uScale":1,"vScale":1,"stretch":true,"version":"5.20.5","position":[-4.5,2.78,-1.53],"rotation":[0,-1.57,0],"animation":{"keyframes":[]},"blendMode":"Combine","transparent":false,"updateDaily":false},{"url":"https://cdn.discordapp.com/attachments/697775977526460486/813555935346950225/burningvoxel.jpg","type":"image","uuid":"11131af7-068b-43b8-bb5c-bb790332f083","scale":[1.95,1.95,0],"script":"","uScale":1,"vScale":1,"stretch":true,"version":"5.20.5","position":[4.85,3.35,2.25],"rotation":[-0.77,1.57,0],"animation":{"keyframes":[]},"blendMode":"Combine","transparent":false,"updateDaily":false},{"url":"https://cdn.discordapp.com/attachments/697775977526460486/813941976276926514/polaroid2.jpg","type":"image","uuid":"0a95b080-f440-42c4-9398-c6481f610393","scale":[0.6,0.6,0],"script":"","uScale":1,"vScale":1,"stretch":true,"version":"5.20.5","position":[5,1.74,-1.53],"rotation":[0,1.5707963267948966,0],"animation":{"keyframes":[]},"blendMode":"Combine","transparent":false,"updateDaily":false},{"url":"https://lh3.googleusercontent.com/QOgH4n1kgbDu3FlLg7rGUTUBVIgIrObuwGzim_JTxv9Q7IPHvCzf8mcB_ACXCvD-vyPEZVcMtbbQGiOoEXoaw4YN=s0","link":"https://opensea.io/assets/0x3ee93c76aebd833e27ebe2b3147899c0834bc863/26","type":"image","uuid":"cd66a556-2dd2-4238-bea0-bc65d4e8a533","scale":[1.9,1.9,0],"script":"","uScale":1,"vScale":1,"stretch":true,"version":"14019","position":[-2.55,2.45,-3.2],"rotation":[0,-3.14159,0],"animation":{"keyframes":[]},"blendMode":"Combine","transparent":false,"updateDaily":false},{"url":"https://opensea.io/assets/0x3ee93c76aebd833e27ebe2b3147899c0834bc863/5","type":"nft-image","uuid":"d3b023f3-f05d-4f76-9ef5-7df26c14cec6","color":false,"scale":[2.4,1.35,0],"hasGui":true,"script":"","stretch":true,"version":"15030","hasFrame":true,"inverted":false,"position":[-2.75,6.1,5.32],"rotation":[0,-1.5708,0],"blendMode":"Combine","transparent":false,"emissiveColorIntensity":"0.50"},{"url":"https://opensea.io/assets/0x3ee93c76aebd833e27ebe2b3147899c0834bc863/35","type":"nft-image","uuid":"5ee4d0a9-19c4-468b-9016-c8ea21bb24fb","color":false,"scale":[2.4,1.35,0],"script":"","stretch":true,"version":"5.20.5","inverted":false,"position":[3.25,6.1,5.2],"rotation":[0,1.57,0]},{"url":"https://cdn.discordapp.com/attachments/697775977526460486/813587277795164200/bnolan.png","link":"https://twitter.com/bnolan","type":"image","uuid":"66c9574f-d5bd-45d9-9849-4621aa3cb2c4","scale":[0.9,0.45,0],"script":"","uScale":1,"vScale":1,"stretch":true,"version":"5.20.5","position":[2.65,1.18,-1.43],"rotation":[0.52,2.62,0],"animation":{"keyframes":[]},"blendMode":"Combine","transparent":"AlphaBlend","updateDaily":false},{"type":"lantern","uuid":"be457dde-3263-46da-b34c-630472003625","color":"#81fdef","scale":[0.2,0.2,31.9],"version":"5.20.5","position":[3.75,4.45,7.55],"rotation":[0,0,0],"strength":50},{"type":"lantern","uuid":"9e14796e-b880-4bc8-a3e5-3c364dc052c8","color":"#81fdef","scale":[0.2,0.2,31.9],"version":"5.20.5","position":[-3.25,4.45,7.55],"rotation":[0,0,0],"strength":50},{"url":"https://cdn.discordapp.com/attachments/697775977526460486/813923230833573958/welcome.png","link":"","type":"image","uuid":"f856f5f1-22b2-4ea8-88af-1da64e04aafc","scale":[1.02,1.44,1],"script":"","uScale":1,"vScale":1,"stretch":true,"version":"5.21.0","position":[0.25,1.76,1.44],"rotation":[0,0,0],"animation":{"keyframes":[]},"blendMode":"Combine","transparent":false,"updateDaily":false}],"settings":{"sandbox":false,"hosted_scripts":false},"voxels":"eJzt2kEKgCAUAFH1Kh6li3X0aiGIBdrCaHCeC0HaDX0Sinvsrm1gBX2iXyvb60dm9Spn7V5L53ra3z6zEnuxOA9Z7MViLxZ7sWR7ofh+sdiL5d4nBXv91xe9RnqO3INXvytf7MXiPGSxF4vfhyz2YrEXi71Y7MViL5ZZvcpZu9f8H+A9e7E4D1nsxXIASlNnLA==","owner":"0x69DF7DD293eEFf309D8fa12126BE3F5D2Eb277E2","lightmap_status":"None","parcel_users":null,"description":"This place is a Museum dedicated to my cryptovoxels builds with an exposition showroom at the 2nd floor.","name":"Ogar - Art & Architecture","label":null,"address":"1 Nerima Terrace","suburb":"East Tokyo","island":"Tokyo","x1":273,"y1":0,"z1":575,"x2":286,"y2":6,"z2":584,"palette":["#ffffff","#888888","#000000","#ff71ce","#01cdfe","#05ffa1","#b967ff","#fffb96"],"is_common":false,"visible":true,"kind":"plot"}}