{"success":true,"parcel":{"id":3738,"hash":"6d685db729e0c929e6f43cbeba69ce6f594b240a","features":[],"settings":{"sandbox":false,"hosted_scripts":false},"voxels":"eJzt07ENgDAQBEHonNLpwQHoVjMfX2BpfT/34F2HbDe2i3f+3tMlGzb/wvevZYOeKdEzJXqmRM+U6JkSPVOiZ0r0TImeKdEzJXqmRM+U6JkSPVOiZ0r0TImeKdEzJXqmRM+U6JkSPVOiZ0r0TImeKdEzJZs9//MXbBe25/cCBvgQTQ==","owner":"0x9f0574a5F28779A1A682cFE4bbD090ee058d07AA","lightmap_status":"None","parcel_users":null,"description":"空地测试","name":null,"label":null,"address":"1 Hamura Gateway","suburb":"East Tokyo","island":"Tokyo","x1":248,"y1":0,"z1":540,"x2":263,"y2":6,"z2":555,"is_common":false,"visible":true,"kind":"plot"}}