{"success":true,"parcel":{"id":3815,"hash":"a2883f87c08841ed15f222633f01caa017d14d76","features":[],"settings":{"sandbox":false,"hosted_scripts":false},"voxels":"eJzt08EJgEAQBEHN3NAN4gaUpmr/+xjo+7lDdx3yo/2jdOd7nH6grdXc92vQppftGrTpZbsGbXrZrkGbXrZr0KaX7Rq06WW7Bm162a5Bm162a9DW6uUfzflR/nF+L097BB8=","owner":"0x18FbD55FA798197c170de58950A4C9a972d65C6A","lightmap_status":"None","parcel_users":null,"description":null,"name":null,"label":null,"address":"12 Shibuya Avenue","suburb":"East Tokyo","island":"Tokyo","x1":363,"y1":0,"z1":581,"x2":369,"y2":6,"z2":598,"tileset":null,"brightness":null,"palette":null,"vox":null,"is_common":false,"visible":true,"kind":"plot"}}