{"success":true,"parcel":{"id":3846,"hash":"d76e4d93576a314d3ab67bfe3add795b5bdd2049","features":[{"url":"https://cdn.discordapp.com/attachments/610846589283467277/744975607057743922/floor2.png","type":"image","uuid":"68050f46-0c75-4ccc-a1c0-1884732fb9a5","scale":[3,4.02,0],"script":"","uScale":1,"vScale":1,"stretch":false,"position":[2.75,0.75,6.25],"rotation":[1.57,0,0],"animation":{"keyframes":[]},"blendMode":"Combine","transparent":false,"updateDaily":false},{"url":"https://cdn.discordapp.com/attachments/610846589283467277/744975607057743922/floor2.png","type":"image","uuid":"ddec836b-c98b-4197-aeee-40dab551489e","scale":[3,4.02,0],"script":"","uScale":1,"vScale":1,"stretch":false,"position":[-0.25,0.75,6.25],"rotation":[1.57,0,0],"animation":{"keyframes":[]},"blendMode":"Combine","transparent":false,"updateDaily":false},{"url":"https://cdn.discordapp.com/attachments/610846589283467277/744975607057743922/floor2.png","type":"image","uuid":"3bc0f247-2982-45b3-802b-f8c2f3366cd2","scale":[3,4.02,0],"script":"","uScale":1,"vScale":1,"stretch":false,"position":[-3.25,0.75,6.25],"rotation":[1.57,0,0],"animation":{"keyframes":[]},"blendMode":"Combine","transparent":false,"updateDaily":false},{"url":"https://cdn.discordapp.com/attachments/610846589283467277/744975607057743922/floor2.png","type":"image","uuid":"f7ee941e-d2f2-4bd0-8230-389155d97c13","scale":[3,4.02,0],"script":"","uScale":1,"vScale":1,"stretch":false,"position":[-5.25,0.75,6.25],"rotation":[1.57,0,0],"animation":{"keyframes":[]},"blendMode":"Combine","transparent":false,"updateDaily":false},{"url":"https://cdn.discordapp.com/attachments/610846589283467277/744975607057743922/floor2.png","type":"image","uuid":"56b7e805-a598-4794-9a19-6e0f844a8c31","scale":[3,4.02,0],"script":"","uScale":1,"vScale":1,"stretch":false,"position":[-8.75,0.75,2.75],"rotation":[1.57,1.57,0],"animation":{"keyframes":[]},"blendMode":"Combine","transparent":false,"updateDaily":false},{"url":"https://cdn.discordapp.com/attachments/610846589283467277/744975607057743922/floor2.png","type":"image","uuid":"81b7285c-f636-48ae-8121-6be612cd27be","scale":[3,4.02,0],"script":"","uScale":1,"vScale":1,"stretch":false,"position":[-8.75,0.75,-0.25],"rotation":[1.57,1.57,0],"animation":{"keyframes":[]},"blendMode":"Combine","transparent":false,"updateDaily":false},{"url":"https://cdn.discordapp.com/attachments/610846589283467277/744975607057743922/floor2.png","type":"image","uuid":"e53ee367-2ebb-4c35-a054-8a9910315fb7","scale":[3,4.02,0],"script":"","uScale":1,"vScale":1,"stretch":false,"position":[-8.75,0.75,-3.25],"rotation":[1.57,1.57,0],"animation":{"keyframes":[]},"blendMode":"Combine","transparent":false,"updateDaily":false},{"url":"https://cdn.discordapp.com/attachments/610846589283467277/744975607057743922/floor2.png","type":"image","uuid":"f413046a-c26c-4525-b9c0-7869d082c411","scale":[3,4.02,0],"script":"","uScale":1,"vScale":1,"stretch":false,"position":[-8.75,0.75,6.75],"rotation":[1.57,1.57,0],"animation":{"keyframes":[]},"blendMode":"Combine","transparent":false,"updateDaily":false},{"url":"https://cdn.discordapp.com/attachments/610846589283467277/744975607057743922/floor2.png","type":"image","uuid":"e67195ae-e359-48d2-9d3f-c2933aa2f8cb","scale":[3,4.02,0],"script":"","uScale":1,"vScale":1,"stretch":false,"position":[-8.75,0.75,4.75],"rotation":[1.57,1.57,0],"animation":{"keyframes":[]},"blendMode":"Combine","transparent":false,"updateDaily":false},{"url":"https://cdn.discordapp.com/attachments/610846589283467277/744975607057743922/floor2.png","type":"image","uuid":"e24d016a-7bec-4ba3-a11e-e609519b1290","scale":[3,4.02,0],"script":"","uScale":1,"vScale":1,"stretch":false,"position":[9.25,0.75,2.75],"rotation":[1.57,1.57,0],"animation":{"keyframes":[]},"blendMode":"Combine","transparent":false,"updateDaily":false},{"url":"https://cdn.discordapp.com/attachments/610846589283467277/744975607057743922/floor2.png","type":"image","uuid":"55c85b80-91c2-4f62-a5a0-f8e6b12bc8ee","scale":[3,4.02,0],"script":"","uScale":1,"vScale":1,"stretch":false,"position":[9.25,0.75,-0.25],"rotation":[1.57,1.57,0],"animation":{"keyframes":[]},"blendMode":"Combine","transparent":false,"updateDaily":false},{"url":"https://cdn.discordapp.com/attachments/610846589283467277/744975607057743922/floor2.png","type":"image","uuid":"ee7d29a4-347d-46ea-a861-f570920b42d3","scale":[3,4.02,0],"script":"","uScale":1,"vScale":1,"stretch":false,"position":[9.25,0.75,-3.25],"rotation":[1.57,1.57,0],"animation":{"keyframes":[]},"blendMode":"Combine","transparent":false,"updateDaily":false},{"url":"https://cdn.discordapp.com/attachments/610846589283467277/744975607057743922/floor2.png","type":"image","uuid":"1d288868-8f7b-400c-8932-2646dbde7d54","scale":[3,4.02,0],"script":"","uScale":1,"vScale":1,"stretch":false,"position":[9.25,0.75,5.75],"rotation":[1.57,1.57,0],"animation":{"keyframes":[]},"blendMode":"Combine","transparent":false,"updateDaily":false},{"url":"https://cdn.discordapp.com/attachments/610846589283467277/744975607057743922/floor2.png","type":"image","uuid":"f9fc306a-069b-4879-8f17-edd4c4ccdbb5","scale":[3,4.02,0],"script":"","uScale":1,"vScale":1,"stretch":false,"position":[9.25,0.75,6.75],"rotation":[1.57,1.57,0],"animation":{"keyframes":[]},"blendMode":"Combine","transparent":false,"updateDaily":false},{"url":"https://images.metaverse-billboards.com/space1.gif","link":"https://redirect.metaverse-billboards.com/","type":"image","uuid":"fbb0a3cd-6d78-440e-81b2-f6643a221c1c","scale":[7.3,5.2,0],"script":"","uScale":1,"vScale":1,"stretch":true,"version":"5.9.0","position":[-1.95,3.9,-2.6],"rotation":[0,3.141592653589793,0],"animation":{"keyframes":[]},"blendMode":"Combine","transparent":"AlphaBlend","updateDaily":true},{"url":"https://cdn.discordapp.com/attachments/610846589283467277/695002173335011338/billboard.vox","type":"megavox","uuid":"3a2d92c0-86d6-4bad-b02c-014df5ee50fc","flipX":true,"scale":[3,3,3],"script":"","version":"5.9.0","position":[-1.75,-0.6,-2.1],"rotation":[0,3.141592653589793,0],"animation":{"keyframes":[]},"collidable":true},{"url":"http://images.metaverse-billboards.com/sign.png\t","link":"http://redirect2.metaverse-billboards.com/","type":"image","uuid":"4380cc4a-74ce-4522-8d60-a7371d0a6fb3","scale":[0.8,0.2,0],"script":"","uScale":1,"vScale":1,"stretch":true,"position":[-5.23,1.3,-2.48],"rotation":[0,3.141592653589793,0],"animation":{"keyframes":[]},"blendMode":"Combine","transparent":true,"updateDaily":true},{"url":"https://images.metaverse-billboards.com/space1.png","link":"https://redirect.metaverse-billboards.com/","type":"image","uuid":"bc11f4ca-bb8a-4b80-87f5-c9c3c4acebd7","scale":[7.3,5.2,0],"script":"","uScale":1,"vScale":1,"stretch":true,"version":"5.9.0","position":[-1.98,3.95,-2.65],"rotation":[0,3.141592653589793,0],"animation":{"keyframes":[]},"blendMode":"Combine","transparent":false,"updateDaily":true},{"url":"https://cdn.discordapp.com/attachments/706231687243366424/707971834783727706/Raven.vox","type":"vox-model","uuid":"ebfd901e-54e3-4686-a251-5b2bdc51c498","flipX":true,"scale":[1,1,1],"script":"","position":[-6.7,5.62,-2.9],"rotation":[0,5.59,0],"animation":{"keyframes":[]}},{"url":"https://cdn.discordapp.com/attachments/610846589283467277/744975607057743922/floor2.png","type":"image","uuid":"ffe35ac2-4630-43ea-89a8-7d9a8ba85b80","scale":[3,4.02,0],"script":"","uScale":1,"vScale":1,"stretch":false,"position":[5.75,0.75,6.25],"rotation":[1.57,0,0],"animation":{"keyframes":[]},"blendMode":"Combine","transparent":false,"updateDaily":false}],"settings":{"sandbox":false,"hosted_scripts":false},"voxels":"eJzt1sENgDAQA0FSapRGKB0qsB8RuiNe33MlQPNi3MPckjffu8Toujt9/PE/ueOPf3LHH//kjj/+yR1//JM7/vgnd/zxT+7445/c8cc/ue/7L/P+v3dV97vTn+b00/sP/9rhXzv8a4d/7br78/+jagf/b7/v9I5/bX8AQLj5UQ==","owner":"0x32AB4262DF2C10ccC199F5f8E7332eD507eF3EA5","lightmap_status":"None","parcel_users":null,"description":"","name":"4 Tachikawa Track","label":null,"address":"4 Tachikawa Track","suburb":"West Tokyo","island":"Tokyo","x1":82,"y1":0,"z1":552,"x2":96,"y2":6,"z2":560,"palette":["#ffffff","#888888","#000000","#636363","#01cdfe","#05ffa1","#b967ff","#fffb96"],"is_common":false,"visible":true,"kind":"plot"}}