{"success":true,"parcel":{"id":3935,"hash":"ea7c4f59d59dc22efbb16eaa73844ca1f4220733","features":[],"settings":{"sandbox":false,"hosted_scripts":false},"voxels":"eJzt1bENwDAQA7F484yeIVwEwpFfq3BzPu8Zv+eCvb29/fJ+/e7ef7MGWLb/f/z3eoBl+g/QpP8ATfoP0KT/AE36D9Ck/wBN+g/QpP8ATfoP0KT/AE36D9Ck/wBN+g/QpP8ATfoP0KT/AE36D9Ck/wBN+g/QpP8ATfoP0KT/AE37/f/3/7C3t7ff3d/dBxH6394=","owner":"0x05E06f2ec24C04737a08eE8c420A28cB0A3962fC","lightmap_status":null,"parcel_users":null,"description":null,"name":null,"label":null,"address":"12 Züllichauer Straße","suburb":"Berlin","island":"Berlin","x1":-631,"y1":0,"z1":-658,"x2":-618,"y2":12,"z2":-642,"is_common":false,"visible":true,"kind":"plot"}}