{"success":true,"parcel":{"id":4095,"hash":"3802ab106870ad5826014983ece79dc8acf5d7bd","features":[],"settings":{"sandbox":false,"hosted_scripts":false},"voxels":"eJzt1LENwAAMw7D2857eIzwIAcjMHrLo/d7j9wzs7e23/fXb/l/WwOZ+v7rvgY3+ABX9ASr6A1T0B6joD1DRH6CiP0BFf4CK/gAV/QEq+gNU9Aeo6A9Q0R+goj9ARX+Aiv4AFf0BKvoDVPQHqOgPUNEfoHK/P22/7O3tl/12P/FX08Y=","owner":"0x0aD0b792A54704dc7b6f85CBB774106d22E814d9","lightmap_status":null,"parcel_users":null,"description":null,"name":null,"label":null,"address":"3 Erkelenzdamm","suburb":"Berlin","island":"Berlin","x1":-741,"y1":0,"z1":-726,"x2":-728,"y2":9,"z2":-710,"tileset":null,"brightness":null,"palette":null,"vox":null,"is_common":false,"visible":true,"kind":"plot"}}