{"success":true,"parcel":{"id":4221,"hash":"bde078d9e2a6118762798357e28734ef10ae158e","features":[],"settings":{"sandbox":false,"hosted_scripts":false},"voxels":"eJzt1LENwDAMBLF484zuGVQk0AGk6i/U3HnP4nuGbGxsbCqbzTf/Z7oAqNjd+O+/AajQa4AGvQZo0GuABr0GaNBrgAa9BmjQa4AGvQZo0GuABr0GaNjd638ab2NjY9PYzO8Cn0Dr4A==","owner":"0x970A02d284c4582F31A654eed4EcC99aC976e314","lightmap_status":null,"parcel_users":null,"description":null,"name":null,"label":null,"address":"7 Diana","suburb":"Helios","island":"Helios","x1":-244,"y1":0,"z1":-594,"x2":-237,"y2":14,"z2":-581,"is_common":false,"visible":true,"kind":"plot"}}