{"success":true,"parcel":{"id":4257,"hash":"14881b573f14331a044ac990786ee86c69219419","features":[{"url":"","type":"cube","uuid":"629fde3c-8f82-4696-9701-c01d27d2db31","scale":[0.5,0.5,0.5],"version":"5.68.0","position":[-1.25,0.75,-3.25],"rotation":[0,-3.141592653589793,0]}],"settings":{"sandbox":false,"hosted_scripts":false},"voxels":"eJzt3LENwDAMBLF484yeEVQcYCgAqfYLF1f7vOfiPQObXZtdbUwLdrnbWH8Nu+iHQj8U+qHQD4V+KPRDoR8K/VDoh0I/FPqh0A+Ffij0Q6EfCv1Q6IdCPxT6odAPhX4o9EOhHwr9UOiHQj8U+qHQD8Uf/+iw2bSZ7wNiHL2P","owner":"0xbaC42c9b32e574f41B86e20FBA0cf479A5a1cA58","lightmap_status":"None","parcel_users":null,"description":null,"name":null,"label":null,"address":"67 Via Fiori Oscuri","suburb":"Milan","island":"Milan","x1":680,"y1":0,"z1":478,"x2":696,"y2":8,"z2":487,"is_common":false,"visible":true,"kind":"plot"}}