{"success":true,"parcel":{"id":4273,"hash":"b195c5f03b624fe3ace328b670064116198e7aa2","features":[{"url":"https://media.giphy.com/media/TjSaNRzMZyrk6KCQOb/giphy.gif","type":"image","uuid":"695d2ee2-774f-46c9-be11-406b266b90cb","scale":[8.1,12.1,0],"script":"","uScale":1,"vScale":1,"stretch":false,"version":"5.15.0","position":[0.25,0.75,0.25],"rotation":[1.57,1.57,0],"animation":{"keyframes":[]},"blendMode":"Combine","transparent":false,"updateDaily":false}],"settings":{"sandbox":false,"hosted_scripts":false},"voxels":"eJzt3CEOgDAUBcFyWO7B0QkaUUK6qjPPNqla+4/rWLAxzmu+AZtZUdezeT36Yj/6go6+oKMv6OgLOvqCjr6goy/o6As6+oKOvqCjL+joCzr6go6+oKMv6OgLOvqCjr6goy/o6As6+oKOvqCjL/jnufs5fzPfl7/cF4W3G9WFGdk=","owner":"0x6Ea563A8449595dC47F8c83EBf1d03286B933eB5","lightmap_status":"None","parcel_users":null,"description":null,"name":null,"label":null,"address":"5 Via privata Fratelli Gabba","suburb":"Milan","island":"Milan","x1":656,"y1":0,"z1":491,"x2":669,"y2":12,"z2":500,"palette":["#ffffff","#888888","#000000","#bd0a0a","#01cdfe","#05ffa1","#b967ff","#fffb96"],"is_common":false,"visible":true,"kind":"plot"}}