{"success":true,"parcel":{"id":4477,"hash":"5f846848c166a3fc600fa1fd4e0445c54ad6ad63","features":[{"url":"https://wiki.cryptovoxels.com/tall_grass.vox","type":"vox-model","uuid":"a528bc47-ba00-49ca-a766-714e9c219abd","flipX":true,"scale":[2,4,2],"script":"","version":"5.15.0","position":[-3.7,0.75,3.45],"rotation":[0,4.01,0.52],"animation":{"keyframes":[]}},{"url":"https://wiki.cryptovoxels.com/tall_grass.vox","type":"vox-model","uuid":"169f1fad-fc0f-4427-a951-9634df02a019","flipX":true,"scale":[2,3.1,2],"script":"","version":"5.15.0","position":[-4.25,0.75,3.8],"rotation":[0,4.54,0.52],"animation":{"keyframes":[]}},{"url":"https://wiki.cryptovoxels.com/tall_grass.vox","type":"vox-model","uuid":"4af93e92-cb54-4b75-9e57-ab030e9b2e3f","flipX":true,"scale":[2,2.2,2],"script":"","version":"5.15.0","position":[-3.05,0.75,3.8],"rotation":[0,4.54,0],"animation":{"keyframes":[]}},{"url":"https://wiki.cryptovoxels.com/tall_grass.vox","type":"vox-model","uuid":"5d5b823b-d0ad-4e77-893d-a08c001fef3a","flipX":true,"scale":[2,3.1,2],"script":"","version":"5.15.0","position":[-3.2,0.75,3.5],"rotation":[0,2.62,0.52],"animation":{"keyframes":[]}},{"url":"https://wiki.cryptovoxels.com/tall_grass.vox","type":"vox-model","uuid":"a6258753-a118-4070-ae86-3129bb0abaea","flipX":true,"scale":[2,2.7,2],"script":"","version":"5.15.0","position":[-3.5,0.75,-2.45],"rotation":[0,1.5707963267948966,0],"animation":{"keyframes":[]}},{"url":"https://wiki.cryptovoxels.com/camera.vox","type":"vox-model","uuid":"f51b9e8a-e2b3-4a82-a87c-36d66423e6e5","flipX":true,"scale":[0.65,0.65,0.65],"script":"","version":"5.15.0","position":[-1.45,1.3,-0.35],"rotation":[0,1.92,0],"animation":{"keyframes":[]}},{"url":"https://wiki.cryptovoxels.com/tall_tree.vox","type":"vox-model","uuid":"b2bc5297-89aa-45fc-a63b-737cb6a80074","flipX":true,"scale":[7,8.4,7],"script":"","version":"5.15.0","position":[-4.5,0.65,0.75],"rotation":[0,1.57,0.1],"animation":{"keyframes":[]}},{"url":"https://wiki.cryptovoxels.com/tall_grass.vox","type":"vox-model","uuid":"d830bc93-b9c8-4eed-9ccd-ec741f92f463","flipX":true,"scale":[2,2.5,2],"script":"","version":"5.15.0","position":[-4,0.75,-0.25],"rotation":[0,1.5707963267948966,0],"animation":{"keyframes":[]}},{"url":"https://wiki.cryptovoxels.com/tall_grass.vox","type":"vox-model","uuid":"666e57e5-50ba-4eca-a130-6b205ed28f30","flipX":true,"scale":[2,1.7,2],"script":"","version":"5.15.0","position":[-3.75,0.75,0.5],"rotation":[0,2.62,0],"animation":{"keyframes":[]}},{"url":"https://unclebitcoin.com/imagesCV/Bitcoin-0-Bitcoin-32.vox","type":"vox-model","uuid":"24e45786-71a8-45b7-a1fd-eefb9c3b83b0","flipX":true,"scale":[1,1,1],"script":"","version":"5.19.1","position":[-3.55,4,0],"rotation":[2.27,0,-1.75],"animation":{"keyframes":[]}},{"url":"https://wiki.cryptovoxels.com/camera.vox","type":"vox-model","uuid":"417d4d24-eda2-4e71-87f8-ab5093870901","flipX":true,"scale":[0.65,0.65,0.65],"script":"","version":"5.15.0","position":[-5.25,3.85,-0.5],"rotation":[1.22,2.09,-1.05],"animation":{"keyframes":[]}},{"url":"https://wiki.cryptovoxels.com/camera.vox","type":"vox-model","uuid":"d92c9840-d2f8-4676-af5e-7461dd66eaa6","flipX":true,"scale":[0.65,0.65,0.65],"script":"","version":"5.15.0","position":[-3.75,5.35,0.25],"rotation":[0,1.92,0.17],"animation":{"keyframes":[]}},{"url":"https://unclebitcoin.com/imagesCV/Bitcoin-0-Bitcoin-32.vox","type":"vox-model","uuid":"2a40b8c3-f87c-4fd1-a1f2-78c159304841","flipX":true,"scale":[1,1,1],"script":"","version":"5.19.1","position":[-4,3.75,0.75],"rotation":[1.22,0.17,-1.75],"animation":{"keyframes":[]}},{"url":"https://unclebitcoin.com/imagesCV/Bitcoin-0-Bitcoin-32.vox","type":"vox-model","uuid":"1bd6ae91-1789-41fa-8d9f-6ed3d9a4d351","flipX":true,"scale":[1,1,1],"script":"","version":"5.19.1","position":[-3.5,4.5,1.25],"rotation":[1.22,0.17,-1.75],"animation":{"keyframes":[]}},{"url":"https://unclebitcoin.com/imagesCV/Bitcoin-0-Bitcoin-32.vox","type":"vox-model","uuid":"124ff6f3-82a9-4663-b3f6-93218ee4cbcd","flipX":true,"scale":[1,1,1],"script":"","version":"5.19.1","position":[-3.5,5,-0.25],"rotation":[1.05,0,-1.75],"animation":{"keyframes":[]}},{"url":"https://unclebitcoin.com/imagesCV/Bitcoin-0-Bitcoin-32.vox","type":"vox-model","uuid":"bbbcee9d-3f7a-4f3a-819d-3570b029ddab","flipX":true,"scale":[1,1,1],"script":"","version":"5.19.1","position":[-3.7,4.25,-0.55],"rotation":[1.05,0.87,-1.75],"animation":{"keyframes":[]}},{"url":"https://unclebitcoin.com/imagesCV/Bitcoin-0-Bitcoin-32.vox","type":"vox-model","uuid":"e1855043-043f-4a6b-a445-9b653acfe875","flipX":true,"scale":[1,1,1],"script":"","version":"5.19.1","position":[-4.5,4.8,-1.35],"rotation":[1.05,1.75,-1.75],"animation":{"keyframes":[]}},{"url":"https://unclebitcoin.com/imagesCV/Bitcoin-0-Bitcoin-32.vox","type":"vox-model","uuid":"0e6652b5-a7d5-4c7c-94fb-4325f9a9e5c2","flipX":true,"scale":[1,1,1],"script":"","version":"5.19.1","position":[-5.25,4.25,-1.25],"rotation":[1.4,2.27,-1.75],"animation":{"keyframes":[]}},{"url":"https://unclebitcoin.com/imagesCV/Bitcoin-0-Bitcoin-32.vox","type":"vox-model","uuid":"dfd88257-a283-4975-8bbf-3d875d11c464","flipX":true,"scale":[1,1,1],"script":"","version":"5.19.1","position":[-4.5,4,-0.75],"rotation":[1.75,1.22,-1.75],"animation":{"keyframes":[]}},{"url":"https://unclebitcoin.com/imagesCV/Bitcoin-0-Bitcoin-32.vox","type":"vox-model","uuid":"43f78f15-1ea4-4dc5-a457-73f82cce2bf9","flipX":true,"scale":[1,1,1],"script":"","version":"5.19.1","position":[-5.75,4.25,-0.5],"rotation":[1.75,2.27,-1.75],"animation":{"keyframes":[]}},{"url":"https://wiki.cryptovoxels.com/small_rocks.vox","type":"vox-model","uuid":"987fc00f-6031-4640-a74b-15c7ca9613be","flipX":true,"scale":[5.9,5.2,6.8],"script":"","version":"5.15.0","position":[-0.45,0.75,-0.95],"rotation":[0,5.59,0],"animation":{"keyframes":[]}},{"url":"https://wiki.cryptovoxels.com/small_rocks.vox","type":"vox-model","uuid":"4dd4995f-3a93-4e29-b124-1f14f779b2cd","flipX":true,"scale":[3,5.2,3],"script":"","version":"5.15.0","position":[-1.25,0.75,3],"rotation":[0,4.54,0],"animation":{"keyframes":[]}},{"url":"https://wiki.cryptovoxels.com/small_rocks.vox","type":"vox-model","uuid":"2406b3be-a016-483e-8c88-ea2eb63428d1","flipX":true,"scale":[3,3,3],"script":"","version":"5.15.0","position":[-1.25,0.75,3.25],"rotation":[0,1.5707963267948966,0],"animation":{"keyframes":[]}},{"url":"https://wiki.cryptovoxels.com/small_rocks.vox","type":"vox-model","uuid":"8b5f5bf9-087c-4c86-8e22-a89bf7d5142c","flipX":true,"scale":[3,3,3],"script":"","version":"5.15.0","position":[-2.25,0.75,4],"rotation":[0,1.5707963267948966,0],"animation":{"keyframes":[]}},{"url":"https://wiki.cryptovoxels.com/palm_tree.vox","type":"vox-model","uuid":"d99cf5c7-e7a3-4889-ae72-c134a801635c","flipX":true,"scale":[9.4,16.8,7],"script":"","version":"5.48.5","position":[-4,0.75,5.6],"rotation":[-0.17,1.57,0.17],"animation":{"keyframes":[]}},{"url":"https://wiki.cryptovoxels.com/palm_tree.vox","type":"vox-model","uuid":"29b37ac6-09b3-4592-8218-a8f21370517f","flipX":true,"scale":[8,13.1,8],"script":"","version":"5.15.0","position":[-4.55,0.75,-3.3],"rotation":[0,-0.52,-0.17],"animation":{"keyframes":[]}},{"url":"https://wiki.cryptovoxels.com/palm_tree.vox","type":"vox-model","uuid":"e9511380-424c-4d8c-8df4-7913958bfa6d","flipX":true,"scale":[13,17,15],"script":"","version":"5.15.0","position":[-3.75,0.75,-3],"rotation":[0,1.5707963267948966,0],"animation":{"keyframes":[]}},{"link":"https://opensea.io/assets/0x79986aF15539de2db9A5086382daEdA917A9CF0C/4477","text":"Click Here to \"BUY NOW\" or \"MAKE OFFER\"","type":"sign","uuid":"4d484e33-ce67-497c-b100-a9a64c8b4750","color":"#ffffff","scale":[6.85546875,0.5,0.5],"version":"8.1.1","fontSize":"76","position":[1.25,2.6,-0.75],"rotation":[0,-1.05,0],"animation":{"keyframes":[],"destination":null},"blendMode":"Combine","background":"#000000"},{"url":"https://unclebitcoin.com/imagesCV/Bitcoin-0-Bitcoin-32.vox","type":"megavox","uuid":"f1506938-54f0-4a9a-96ee-5a70f6d709da","flipX":true,"scale":[0.9,0.8,0.8],"script":"","version":"5.48.7","position":[-3.5,1.15,0],"rotation":[2.79,3.84,0],"animation":{"keyframes":[]}},{"url":"https://wiki.cryptovoxels.com/small_rocks.vox","type":"megavox","uuid":"78bda672-3a63-4b69-b802-3733eaca2a08","flipX":true,"scale":[4,3.6,5],"version":"5.48.5","position":[5.6,0.75,7.5],"rotation":[0,3.49,0]},{"url":"https://unclebitcoin.com/imagesCV/Bitcoin-0-Bitcoin-32.vox","type":"megavox","uuid":"2587783d-a530-4ef8-8065-0119841671f1","flipX":true,"scale":[0.9,0.8,0.8],"script":"","version":"5.19.1","position":[-4.5,1.1,1.1],"rotation":[2.79,2.09,0],"animation":{"keyframes":[]}},{"url":"https://unclebitcoin.com/imagesCV/Bitcoin-0-Bitcoin-32.vox","type":"megavox","uuid":"8cac9ecd-112f-49cc-99b9-fbd2d8ece523","flipX":true,"scale":[0.9,0.8,0.8],"script":"","version":"5.19.1","position":[-3.5,1.1,1.75],"rotation":[3.14,5.41,0],"animation":{"keyframes":[]}},{"url":"https://unclebitcoin.com/imagesCV/Bitcoin-0-Bitcoin-32.vox","type":"megavox","uuid":"f6d4ae2b-f75d-4482-b018-db95cc6b5e83","flipX":true,"scale":[0.9,0.8,0.8],"script":"","version":"5.19.1","position":[-4,1.15,-0.75],"rotation":[3.14,1.4,0],"animation":{"keyframes":[]}},{"url":"https://unclebitcoin.com/imagesCV/Bitcoin-0-Bitcoin-32.vox","type":"vox-model","uuid":"738273c5-e4f9-4bcf-88a7-b8bb8bc45c83","flipX":true,"scale":[0.6,0.6,0.6],"script":"","version":"5.19.1","position":[-4.25,3.5,0],"rotation":[1.75,4.71,-2.97],"animation":{"keyframes":[]}},{"url":"https://unclebitcoin.com/imagesCV/Bitcoin-0-Bitcoin-32.vox","type":"vox-model","uuid":"b3b14139-4f94-4b51-9bbd-fdfd4b4d4980","flipX":true,"scale":[0.6,0.6,0.6],"script":"","version":"5.19.1","position":[-3.25,4.5,0.5],"rotation":[1.75,4.71,-2.97],"animation":{"keyframes":[]}},{"url":"https://unclebitcoin.com/imagesCV/Bitcoin-0-Bitcoin-32.vox","type":"vox-model","uuid":"1b01a287-4d78-4e42-a84b-2d9e55acf349","flipX":true,"scale":[0.6,0.6,0.6],"script":"","version":"5.19.1","position":[-3.75,4.75,2],"rotation":[1.92,4.36,-3.14],"animation":{"keyframes":[]}},{"url":"https://unclebitcoin.com/imagesCV/Bitcoin-0-Bitcoin-32.vox","type":"vox-model","uuid":"b75b98f7-e0a3-435a-a6c7-88b490ae27fa","flipX":true,"scale":[0.6,0.6,0.6],"script":"","version":"5.19.1","position":[-3.5,5,1.5],"rotation":[1.75,4.71,-2.97],"animation":{"keyframes":[]}},{"url":"https://unclebitcoin.com/imagesCV/Bitcoin-0-Bitcoin-32.vox","type":"vox-model","uuid":"349c2903-3ecc-4437-8f40-20d0627689a1","flipX":true,"scale":[0.8,0.8,0.8],"script":"","version":"5.19.1","position":[-3.65,4.2,1.55],"rotation":[1.75,3.84,-2.97],"animation":{"keyframes":[]}},{"url":"https://unclebitcoin.com/imagesCV/Bitcoin-0-Bitcoin-32.vox","type":"vox-model","uuid":"4074b8e5-fd49-4ea5-9c9a-0c532cef9b10","flipX":true,"scale":[1,1,1],"script":"","version":"5.19.1","position":[-4.45,4.9,1.75],"rotation":[1.75,3.84,-2.44],"animation":{"keyframes":[]}},{"url":"https://unclebitcoin.com/imagesCV/Bitcoin-0-Bitcoin-32.vox","type":"vox-model","uuid":"b7df7c6d-6c20-4d46-a6ba-cb4f9e8ebde6","flipX":true,"scale":[1,1,1],"script":"","version":"5.19.1","position":[-4.75,4.25,2],"rotation":[2.09,3.84,-2.44],"animation":{"keyframes":[]}},{"url":"https://unclebitcoin.com/imagesCV/Bitcoin-0-Bitcoin-32.vox","type":"vox-model","uuid":"702beef7-f6e1-4e3c-ba3b-247b4e4c1889","flipX":true,"scale":[1,1,1],"script":"","version":"5.19.1","position":[-5.25,4.95,1.25],"rotation":[1.92,3.84,-2.44],"animation":{"keyframes":[]}},{"url":"https://unclebitcoin.com/imagesCV/Bitcoin-0-Bitcoin-32.vox","type":"vox-model","uuid":"bb999209-91d9-41c8-836b-876d00bf3c92","flipX":true,"scale":[1,1,1],"script":"","version":"5.19.1","position":[-5.9,5.65,0.75],"rotation":[1.05,3.67,-1.22],"animation":{"keyframes":[]}},{"url":"https://unclebitcoin.com/imagesCV/Bitcoin-0-Bitcoin-32.vox","type":"vox-model","uuid":"12557b0a-a6f9-4aed-8a19-80a0eb7855bd","flipX":true,"scale":[1,1,1],"script":"","version":"5.19.1","position":[-6,5,1],"rotation":[1.05,3.84,-1.75],"animation":{"keyframes":[]}},{"url":"https://unclebitcoin.com/imagesCV/Bitcoin-0-Bitcoin-32.vox","type":"vox-model","uuid":"33d3e837-3b1f-4d76-b885-1943581650f5","flipX":true,"scale":[1,1,1],"script":"","version":"5.19.1","position":[-6.1,4.75,-0.05],"rotation":[1.75,2.97,-1.75],"animation":{"keyframes":[]}},{"url":"https://unclebitcoin.com/imagesCV/Bitcoin-0-Bitcoin-32.vox","type":"vox-model","uuid":"ea7d5c19-4185-41ee-a2d0-8a700361153a","flipX":true,"scale":[1,1,1],"script":"","version":"5.19.1","position":[-5.4,5.25,-0.5],"rotation":[2.27,2.97,-1.75],"animation":{"keyframes":[]}},{"url":"https://wiki.cryptovoxels.com/camera.vox","type":"vox-model","uuid":"616bd938-3850-4a6f-a75d-850ecd3839ea","flipX":true,"scale":[0.65,0.65,0.65],"script":"","version":"5.15.0","position":[-5.25,5.5,0.5],"rotation":[0,1.92,0.17],"animation":{"keyframes":[]}},{"url":"https://wiki.cryptovoxels.com/tall_grass.vox","type":"vox-model","uuid":"03bb7eef-3108-432c-a78a-d6f96b17b74e","flipX":true,"scale":[2,2.5,2],"script":"","version":"5.15.0","position":[-5.15,0.75,0.4],"rotation":[0,5.41,0.52],"animation":{"keyframes":[]}},{"url":"https://wiki.cryptovoxels.com/small_rocks.vox","type":"vox-model","uuid":"c72406ad-3a5b-4177-9e63-91be28b33674","flipX":true,"scale":[3,3.2,3],"script":"","version":"5.15.0","position":[-1.3,0.75,-1.4],"rotation":[0,5.76,0],"animation":{"keyframes":[]}},{"url":"https://wiki.cryptovoxels.com/small_rocks.vox","type":"vox-model","uuid":"0da5c6f8-6f51-4fba-9005-d69309288fca","flipX":true,"scale":[3,3.1,3],"script":"","version":"5.15.0","position":[3.5,0.75,-3.25],"rotation":[0,5.76,0],"animation":{"keyframes":[]}},{"url":"https://wiki.cryptovoxels.com/small_rocks.vox","type":"vox-model","uuid":"7fd511a5-20c9-41af-8988-b270887704c7","flipX":true,"scale":[3.6,0.7,3],"script":"","version":"5.15.0","position":[3,0.75,-2.75],"rotation":[0,5.76,0],"animation":{"keyframes":[]}},{"url":"https://wiki.cryptovoxels.com/small_rocks.vox","type":"vox-model","uuid":"d1e13e43-6684-4e0a-8bb4-5e58ce4b8749","flipX":true,"scale":[3,3.8,3],"script":"","version":"5.15.0","position":[2.15,0.75,-3],"rotation":[0,0.7,0],"animation":{"keyframes":[]}},{"url":"https://wiki.cryptovoxels.com/tall_grass.vox","type":"vox-model","uuid":"7e7033a9-25e2-4c37-bf2c-deedbce969f7","flipX":true,"scale":[2,4,2],"script":"","version":"5.15.0","position":[-2.75,0.75,-3.75],"rotation":[0,1.5707963267948966,0],"animation":{"keyframes":[]}},{"url":"https://wiki.cryptovoxels.com/tall_grass.vox","type":"vox-model","uuid":"f6ed4128-55e7-4f71-b786-74d29f5ba9da","flipX":true,"scale":[2,4,2],"script":"","version":"5.15.0","position":[-2.75,0.75,-3.65],"rotation":[0,1.57,0.35],"animation":{"keyframes":[]}},{"url":"https://wiki.cryptovoxels.com/tall_grass.vox","type":"vox-model","uuid":"1f0e027e-ee5c-4f59-8b08-8ed5732fd1e7","flipX":true,"scale":[2,4,2],"script":"","version":"5.15.0","position":[-4.25,0.75,-5],"rotation":[0,-1.22,0.35],"animation":{"keyframes":[]}},{"url":"https://wiki.cryptovoxels.com/tall_grass.vox","type":"vox-model","uuid":"457df2d9-b878-48c2-a3c0-2863f62fd042","flipX":true,"scale":[2,4,2],"script":"","version":"5.15.0","position":[-4.7,0.75,-3.25],"rotation":[0,0.17,0.35],"animation":{"keyframes":[]}},{"url":"https://wiki.cryptovoxels.com/tall_grass.vox","type":"vox-model","uuid":"1e0f4973-e0dc-4c8d-8924-af5e22ccc565","flipX":true,"scale":[2,4,2],"script":"","version":"5.15.0","position":[-4.15,0.55,-2.45],"rotation":[0,1.22,0.52],"animation":{"keyframes":[]}}],"settings":{"sandbox":false,"hosted_scripts":false},"voxels":"eJzt1AEJwEAMwMCvgrc86fNQGIxwFw+ZZ1bdZQfgI7ub+RnwP34GVPgZUOFnQIWfARV+BlT4GVDhZ0CFnwEVfgZU+BlQ4WdAhZ8BFX4GVPgZUOFnQIWfARV+BlT4GVDhZ0CFnwEVfgZU+BlQ8QLEX8of","owner":"0xb666ebe4e5862A8d7e7a0B6FC6F8351710A4532a","lightmap_status":"None","parcel_users":null,"description":"Hiro2049 L@ndScape Service - \nCryptovoxels Parks & Recreation : NorthShore BTC Farm : '5 Via Montebello'\n\nMoney Does Grow On Trees !","name":"North Shore BTC Farm","label":"","address":"5 Via Montebello","suburb":"Milan","island":"Milan","x1":617,"y1":0,"z1":598,"x2":629,"y2":11,"z2":612,"tileset":"/uploads/atlas/67f936a8e578b9d30e21e32b489f8a69f325e8ae.png","is_common":false,"visible":true,"kind":"plot"}}