{"success":true,"parcel":{"id":4522,"hash":"9c2dd987a268f3a720c30458c21e466d8a74c746","features":[{"url":"https://media-crvox.sfo2.digitaloceanspaces.com/0x42de10a720c59ed8dcc6e55d5e61e03b5ad70905/1630037293930-ba28a1e3-aa74-4394-baac-61e4e1753272.jpg","type":"cube","uuid":"e062e024-f6a7-427a-afe7-4b717c04767a","color":"#ffffff","scale":[15,4.4,17.9],"version":"8.1.1","position":[-1.65,-1.25,2.35],"rotation":[0,0,0],"collidable":true},{"url":"https://media-crvox.sfo2.digitaloceanspaces.com/0x42de10a720c59ed8dcc6e55d5e61e03b5ad70905/1630038278702-53e34a7c-1c73-477f-a7a6-b926d496c57b.jpg","type":"cube","uuid":"2c681fad-a52f-42ed-90ad-0de8e4fe3f90","color":"#ffffff","scale":[2,0.5,2],"version":"8.1.5","position":[-14.1,0.05,6.35],"rotation":[0,0,0],"collidable":true},{"url":"https://media-crvox.sfo2.digitaloceanspaces.com/0x42de10a720c59ed8dcc6e55d5e61e03b5ad70905/1630038278702-53e34a7c-1c73-477f-a7a6-b926d496c57b.jpg","type":"cube","uuid":"fe1d48b6-354a-417b-8a80-60f8c9e88cd9","color":"#ffffff","scale":[2,0.5,2],"version":"8.1.5","position":[-14.1,0.05,4.25],"rotation":[0,0,0],"collidable":true},{"url":"https://media-crvox.sfo2.digitaloceanspaces.com/0x42de10a720c59ed8dcc6e55d5e61e03b5ad70905/1630038278702-53e34a7c-1c73-477f-a7a6-b926d496c57b.jpg","type":"cube","uuid":"f409d343-074c-4de8-88b3-e310a5bd1dbf","color":"#ffffff","scale":[2,0.5,2],"version":"8.1.5","position":[-14.1,0.05,2.15],"rotation":[0,0,0],"collidable":true},{"url":"https://media-crvox.sfo2.digitaloceanspaces.com/0x42de10a720c59ed8dcc6e55d5e61e03b5ad70905/1630038278702-53e34a7c-1c73-477f-a7a6-b926d496c57b.jpg","type":"cube","uuid":"c6f066dd-aa9e-47d6-91c1-69874856ad11","color":"#ffffff","scale":[2,0.5,2],"version":"8.1.5","position":[-14.1,0.05,0.05],"rotation":[0,0,0],"collidable":true},{"url":"https://media-crvox.sfo2.digitaloceanspaces.com/0x42de10a720c59ed8dcc6e55d5e61e03b5ad70905/1630038278702-53e34a7c-1c73-477f-a7a6-b926d496c57b.jpg","type":"cube","uuid":"cddfce96-1689-4335-ae7b-789b7acbdfad","color":"#ffffff","scale":[2,0.5,2],"version":"8.1.5","position":[-14.1,0.05,-2.05],"rotation":[0,0,0],"collidable":true},{"url":"https://media-crvox.sfo2.digitaloceanspaces.com/0x42de10a720c59ed8dcc6e55d5e61e03b5ad70905/1630038278702-53e34a7c-1c73-477f-a7a6-b926d496c57b.jpg","type":"cube","uuid":"56652f36-0dc6-4e3d-99cd-bb7ff5ee77d8","color":"#ffffff","scale":[2,0.5,2],"version":"8.1.5","position":[-14.1,0.05,-4.15],"rotation":[0,0,0],"collidable":true},{"text":"TTTTTTTTTTT","type":"polytext","uuid":"31fdcc74-baf4-4e59-8afa-315134b1ba5f","scale":[55,0.1,0.5],"version":"8.1.1","position":[-40,0.25,15],"rotation":[0,1.57,0],"animation":{"keyframes":[],"destination":null}},{"text":"TTTTTTTTTTT","type":"polytext","uuid":"d95c1376-97c6-4420-9c00-32834a7527e5","scale":[55,0.1,0.5],"version":"8.1.1","position":[-12.25,0.25,38.75],"rotation":[0,0,0],"animation":{"keyframes":[],"destination":null}},{"text":"TTTTTTTTTTTTTT","type":"polytext","uuid":"8986681d-cfde-481f-abfe-c6494c610438","scale":[55,0.1,0.5],"version":"8.1.1","position":[-1.75,0.5,24.9],"rotation":[0,1.57,0],"animation":{"keyframes":[],"destination":null}},{"url":"https://media-crvox.sfo2.digitaloceanspaces.com/0x42de10a720c59ed8dcc6e55d5e61e03b5ad70905/1630038278702-53e34a7c-1c73-477f-a7a6-b926d496c57b.jpg","type":"cube","uuid":"5e5ef712-cab3-47d3-8580-c75e4ffba010","color":"#ffffff","scale":[2,0.5,2],"version":"8.1.5","position":[-10.1,0.05,0.05],"rotation":[0,0,0],"collidable":true},{"url":"https://media-crvox.sfo2.digitaloceanspaces.com/0x42de10a720c59ed8dcc6e55d5e61e03b5ad70905/1630038278702-53e34a7c-1c73-477f-a7a6-b926d496c57b.jpg","type":"cube","uuid":"c955263e-c03d-46c1-b98b-a2988de58ee7","color":"#ffffff","scale":[2,0.5,2],"version":"8.1.5","position":[-10.1,0.05,-4.15],"rotation":[0,0,0],"collidable":true},{"url":"https://media-crvox.sfo2.digitaloceanspaces.com/0x42de10a720c59ed8dcc6e55d5e61e03b5ad70905/1630038278702-53e34a7c-1c73-477f-a7a6-b926d496c57b.jpg","type":"cube","uuid":"9d42b6e1-a296-4c55-9182-1e91ca0400aa","color":"#ffffff","scale":[2,0.5,2],"version":"8.1.5","position":[-12.1,0.05,8.45],"rotation":[0,0,0],"collidable":true},{"url":"https://media-crvox.sfo2.digitaloceanspaces.com/0x42de10a720c59ed8dcc6e55d5e61e03b5ad70905/1630038278702-53e34a7c-1c73-477f-a7a6-b926d496c57b.jpg","type":"cube","uuid":"ee0fdbe4-2037-4c15-8432-8c99a6076c3c","color":"#ffffff","scale":[2,0.5,2],"version":"8.1.5","position":[-10.1,0.05,-2.05],"rotation":[0,0,0],"collidable":true},{"url":"https://media-crvox.sfo2.digitaloceanspaces.com/0x42de10a720c59ed8dcc6e55d5e61e03b5ad70905/1630038278702-53e34a7c-1c73-477f-a7a6-b926d496c57b.jpg","type":"cube","uuid":"4f18453d-b080-4444-ad72-47c9629514b3","color":"#ffffff","scale":[2,0.5,2],"version":"8.1.5","position":[-12.1,0.05,-4.15],"rotation":[0,0,0],"collidable":true},{"url":"https://media-crvox.sfo2.digitaloceanspaces.com/0x42de10a720c59ed8dcc6e55d5e61e03b5ad70905/1630038278702-53e34a7c-1c73-477f-a7a6-b926d496c57b.jpg","type":"cube","uuid":"c7ef49be-ff72-4393-b7cd-cf8a1ccbbb2f","color":"#ffffff","scale":[2,0.5,2],"version":"8.1.5","position":[-10.1,0.05,8.45],"rotation":[0,0,0],"collidable":true},{"url":"https://media-crvox.sfo2.digitaloceanspaces.com/0x42de10a720c59ed8dcc6e55d5e61e03b5ad70905/1630038278702-53e34a7c-1c73-477f-a7a6-b926d496c57b.jpg","type":"cube","uuid":"3d410b30-a52b-4397-8b61-33d902738698","color":"#ffffff","scale":[2,0.5,2],"version":"8.1.5","position":[-10.1,0.05,6.35],"rotation":[0,0,0],"collidable":true},{"url":"https://media-crvox.sfo2.digitaloceanspaces.com/0x42de10a720c59ed8dcc6e55d5e61e03b5ad70905/1630038278702-53e34a7c-1c73-477f-a7a6-b926d496c57b.jpg","type":"cube","uuid":"b537431a-c216-4494-acdc-09301d2629fb","color":"#ffffff","scale":[2,0.5,2],"version":"8.1.5","position":[-10.1,0.05,4.25],"rotation":[0,0,0],"collidable":true},{"url":"https://media-crvox.sfo2.digitaloceanspaces.com/0x42de10a720c59ed8dcc6e55d5e61e03b5ad70905/1630038278702-53e34a7c-1c73-477f-a7a6-b926d496c57b.jpg","type":"cube","uuid":"ea28d07b-e52f-4048-8333-0f51060a45e9","color":"#ffffff","scale":[2,0.5,2],"version":"8.1.5","position":[-10.1,0.05,2.15],"rotation":[0,0,0],"collidable":true},{"type":"particles","uuid":"602b1276-9d75-4214-870e-7b359384357d","scale":[1,1,1],"color1":"#f9fb7e","color2":"#ffc400","script":"","gravity":"0","maxSize":0.1,"minSize":0.1,"version":"5.60.4","emitRate":46,"position":[0.55,0.4,0.5],"rotation":[1.5707963267948966,0,0],"animation":{"keyframes":[]},"colorDead":"#ffdd00","opacityDead":0},{"type":"particles","uuid":"286f3806-66e7-4519-8a7c-f2df2b4fbf6a","scale":[1,1,1],"color1":"#f9fb7e","color2":"#ffc400","script":"","gravity":"0","maxSize":0.1,"minSize":0.1,"version":"5.60.4","emitRate":46,"position":[0.45,0.1,0.55],"rotation":[1.57,1.57,0],"animation":{"keyframes":[]},"colorDead":"#ffdd00","opacityDead":0},{"url":"","type":"cube","uuid":"71a6c928-f908-4f2f-8a41-c6bfb417688b","scale":[0.9,4.8,0.9],"version":"8.1.1","position":[0.5,1.95,0.6],"rotation":[0,-2.356194490192345,0]},{"url":"https://media-crvox.sfo2.digitaloceanspaces.com/0x42de10a720c59ed8dcc6e55d5e61e03b5ad70905/1630038278702-53e34a7c-1c73-477f-a7a6-b926d496c57b.jpg","type":"cube","uuid":"3c581c71-b06d-42f7-adb2-af87bfa72dba","color":"#ffffff","scale":[2,0.5,2],"version":"8.1.5","position":[-12.1,0.05,6.35],"rotation":[0,0,0],"collidable":true},{"url":"https://media-crvox.sfo2.digitaloceanspaces.com/0x42de10a720c59ed8dcc6e55d5e61e03b5ad70905/1630038278702-53e34a7c-1c73-477f-a7a6-b926d496c57b.jpg","type":"cube","uuid":"0f85215e-0661-4888-b1c6-9f89f18a8ff1","color":"#ffffff","scale":[2,0.5,2],"version":"8.1.5","position":[-12.1,0.05,4.25],"rotation":[0,0,0],"collidable":true},{"url":"https://media-crvox.sfo2.digitaloceanspaces.com/0x42de10a720c59ed8dcc6e55d5e61e03b5ad70905/1630038278702-53e34a7c-1c73-477f-a7a6-b926d496c57b.jpg","type":"cube","uuid":"7334e826-39d2-4b83-a059-836950450103","color":"#ffffff","scale":[2,0.5,2],"version":"8.1.5","position":[-12.1,0.05,2.15],"rotation":[0,0,0],"collidable":true},{"url":"https://media-crvox.sfo2.digitaloceanspaces.com/0x42de10a720c59ed8dcc6e55d5e61e03b5ad70905/1630038278702-53e34a7c-1c73-477f-a7a6-b926d496c57b.jpg","type":"cube","uuid":"bff396ea-1f42-4000-98f3-da77a8298f34","color":"#ffffff","scale":[2,0.5,2],"version":"8.1.5","position":[-12.1,0.05,0.05],"rotation":[0,0,0],"collidable":true},{"text":"TTTTTTTTTTTTTT","type":"polytext","uuid":"1238c52d-304c-4c2f-bc50-854e7ebb9313","scale":[55,0.1,0.5],"version":"8.1.5","position":[-22.9,-0.1,2.15],"rotation":[0,0,0],"animation":{"keyframes":[],"destination":null}},{"url":"https://media-crvox.sfo2.digitaloceanspaces.com/0x42de10a720c59ed8dcc6e55d5e61e03b5ad70905/1630038278702-53e34a7c-1c73-477f-a7a6-b926d496c57b.jpg","type":"cube","uuid":"46b9d439-6ec6-440e-8e7d-e58cf48f18e3","color":"#ffffff","scale":[2,0.5,2],"version":"8.1.5","position":[-12.1,0.05,-2.05],"rotation":[0,0,0],"collidable":true},{"text":"TTTTTTTTTTTtttttt","type":"polytext","uuid":"bb5cca91-1efc-4f82-b335-24e76fefc3eb","scale":[55,0.1,0.5],"version":"8.1.1","position":[-32.65,0.25,34.75],"rotation":[0,0.79,0],"animation":{"keyframes":[],"destination":null}}],"settings":{"sandbox":false,"hosted_scripts":false},"voxels":"eJzt1UERACAMwDDmHOl42I9rUhGdO6sOAHxsdz//A+Bv/gdAkf8BUOR/ABT5HwBF/gdAkf8BUOR/ABT5HwBF/gdAkf8BUOR/ABT5HwBF/gdAkf8BUOR/ABT5HwBF/gdAkf8BUPQANrUaQA==","owner":"0x42dE10A720c59eD8dcC6E55d5E61e03B5AD70905","lightmap_status":"None","parcel_users":null,"description":"Milans North Corner Meta Lighthouse and Citadel of Secrets : 2 Via del Caravaggio, Upper West Coast Corner, Milan","name":"Ziggurat of Secrets","label":"","address":"2 Via del Caravaggio","suburb":"Milan","island":"Milan","x1":566,"y1":0,"z1":607,"x2":576,"y2":16,"z2":621,"tileset":"/uploads/atlas/7693e615a83d3dfbacdc357ba41de80d2489803e.png","palette":["#ffffff","#888888","#000000","#ff71ce","#01cdfe","#00ff08","#b967ff","#fffb96"],"is_common":false,"visible":true,"kind":"plot"}}