{"success":true,"parcel":{"id":47,"hash":"8a29d9de8eeb6775343d7b1210a0203508e22810","features":[],"settings":{"sandbox":false,"hosted_scripts":false},"voxels":"eJzt1LENwDAMBLF484yeHVQEsI5U/YWL83nPJfcM2Nlt3d1ys/dNVrDVPf/Ef6+DrfQOHXqHDr1Dh96hQ+/QoXfo0Dt06B069A4deocOvUOH3qFD79Chd+jQO3ToHTr0Dh16hw69Q4feoUPv0KF36NA7dOgdOvQOHXqHDr1Dh96h457e//0n7Ox27mb3AV/UGF0=","owner":"0x20D5A37486B4FcA7739Fe20F54a6C4FDb95d0FAD","lightmap_status":"None","parcel_users":null,"description":null,"name":null,"label":null,"address":"8 Buffer Crossing","suburb":"The Center","island":"Origin City","x1":-76,"y1":0,"z1":-16,"x2":-60,"y2":9,"z2":-2,"is_common":false,"visible":true,"kind":"plot"}}