{"success":true,"parcel":{"id":4758,"hash":"30810df3dd6eb8ee00efd3ea5ebbb3eadccdf9e0","features":[],"settings":{"sandbox":false,"hosted_scripts":false},"voxels":"eJzt07ENwDAMBLF484zuGVQkOAGk6i9U3HlP+J4hG5sNm/LN/5kuYIN2299/AxvoFPp0Cn06hT6dQp9OoU+n0KdT6NMp9OkU+nQKfe1O/2nbxqa/md8FZH/XuA==","owner":"0xbEAD3ef9BE758F6df7684d472Ea7efE7C6253018","lightmap_status":"None","parcel_users":null,"description":null,"name":null,"label":null,"address":"2 Sharktooth Street","suburb":"Far Far Away","island":"Far Far Away","x1":-7002,"y1":0,"z1":17,"x2":-6995,"y2":9,"z2":30,"is_common":false,"visible":true,"kind":"plot"}}