{"success":true,"parcel":{"id":4873,"hash":"fed28fab702886f3d65f6d24a69e6632d40a2891","features":[],"settings":{"sandbox":false,"hosted_scripts":false},"voxels":"eJzt0rENgEAMBEHonNJpwQFIXv2M0wsc7P3cC+4asj1ju+Hm/06XnGFH699/yxn0S5l+KdMvZfqlTL+U6Zcy/VKmX8r0S5l+KdMvZfqlTL+U6Zcy/VKmX8r0S5l+KdMvZfqlTL+U6Zcy/VKmX8r0S5l+KdvR7z+t256wnd8Lbe0WTg==","owner":"0x052564eB0fd8b340803dF55dEf89c25C432f43f4","lightmap_status":"None","parcel_users":null,"description":null,"name":"","label":"","address":"7 Bravo Field","suburb":"Vibes","island":"Vibes","x1":-6512,"y1":0,"z1":2,"x2":-6497,"y2":8,"z2":13,"tileset":"/uploads/atlas/f0f9bf39932478f01b7e8bf6319a82b919076c4f.png","brightness":2,"palette":["#ffffff","#adadad","#000000","#f04242","#00a3cc","#05ffa1","#b967ff","#e8dbc9"],"is_common":false,"visible":true,"kind":"plot"}}