{"success":true,"parcel":{"id":4893,"hash":"01205f35b1caa05288ab39bff2f73fd4c4b4fac2","features":[],"settings":{"sandbox":false,"hosted_scripts":false},"voxels":"eJzt0zEOgDAMBEHyc57OA7axCEgpZtxe4WbXvQ64a8jWdmd7ws3/nS5hxxkNff8t7NAFlC6gdAGlCyhdQOkCShdQuoDSBZQuoHQBpQuoM7r4pyFb2/fb+T3A9ceY","owner":"0x052564eB0fd8b340803dF55dEf89c25C432f43f4","lightmap_status":"None","parcel_users":null,"description":null,"name":"","label":"","address":"2 Valued Place","suburb":"Vibes","island":"Vibes","x1":-6517,"y1":0,"z1":48,"x2":-6509,"y2":9,"z2":59,"is_common":false,"visible":true,"kind":"plot"}}