{"success":true,"parcel":{"id":5008,"hash":"4da3dd7b57dd924721c92817fc930fa5ac680f70","features":[{"url":"https://media-crvox.sfo2.digitaloceanspaces.com/0xb7d3a787a39f25457ca511dc3f0591b546f5e02f/1642108820578-3a8ce93a-4ea0-4944-a84b-65946e204d64.vox","type":"vox-model","uuid":"d69ae096-6983-4ebc-ba98-93b5eaea8d9d","scale":[2.7,2.7,2.7],"position":[2.579860085026974,0.75,0.24251706621414248],"rotation":[0,1.542940806692953,0]},{"url":"https://media-crvox.sfo2.digitaloceanspaces.com/0x2717a5086b3b4c91f4761f9d5f8eaca3594f4ca0/1641855679121-9a4e6ba5-6a07-4de0-b01e-888a7becdfb4.vox","type":"vox-model","uuid":"ebc78061-5cd4-466a-8fdc-cd3ae101a1ef","scale":[2.3400000000000003,3.15,2.3400000000000003],"position":[-1.9819191674956464,0.75,-1.6136674113371545],"rotation":[0,4.895125038072207,0]},{"url":"https://wiki.cryptovoxels.com/tall_tree.vox","type":"vox-model","uuid":"8555b7c1-f9b9-42c7-b882-39beec8b2869","scale":[1.8,1.8,1.8],"position":[-3.0943272455626003,0.75,-1.314552557442891],"rotation":[0,0.7105771532720828,0]},{"url":"https://media-crvox.sfo2.digitaloceanspaces.com/0x7b511800a8d8e7de24dd19de3103081824b6f41d/1642541637191-c95ab7ad-24de-4d9f-b2db-097b2ac6c18f.vox","type":"vox-model","uuid":"7f520937-b3d1-4549-bf83-2e370a642c8a","scale":[0.9900000000000001,0.9,0.7200000000000001],"position":[0.15247779302205,0.75,-2.435771073965749],"rotation":[0,5.179232205970228,0]},{"url":"https://media-crvox.sfo2.digitaloceanspaces.com/0x7b511800a8d8e7de24dd19de3103081824b6f41d/1642541637191-c95ab7ad-24de-4d9f-b2db-097b2ac6c18f.vox","type":"vox-model","uuid":"c7c48797-e889-49ed-87ee-517128ffb8a7","scale":[2.09,1.9,1.52],"position":[-2.6736319443358063,0.75,1.95667878700546],"rotation":[0,1.9868162532178777,0]},{"url":"https://wiki.cryptovoxels.com/wooden_bench.vox","type":"vox-model","uuid":"a02b4e94-e402-4139-9949-c31eafb29ede","scale":[2.5,2.2,2],"position":[1.506557350213603,0.75,0.635863270715582],"rotation":[0,4.3246930201571985,0]},{"url":"https://wiki.cryptovoxels.com/tall_grass.vox","type":"vox-model","uuid":"f4c37ec9-3e8f-4864-b9ad-db60a1cf7fa1","scale":[1.8,2.7,1.8],"position":[0.8862148279962927,0.75,-2.6592659375582723],"rotation":[0,5.886072650173287,0]}],"settings":{"sandbox":false,"hosted_scripts":false},"voxels":"eJzt00ERACAMwDDuZhzpWOjeJNXQubPqwMd2t/iFv/kFOr9A5xfo/AKdX6DzC3R+gc4v0PkFOr9A5xfo/ALdA2OBq/E=","owner":"0x2D891ED45C4C3EAB978513DF4B92a35Cf131d2e2","lightmap_status":null,"parcel_users":null,"description":null,"name":null,"label":null,"address":"11 Computational Biology Gardens","suburb":"Test Island","island":"Test Island","x1":4191,"y1":0,"z1":23,"x2":4198,"y2":17,"z2":29,"palette":["#25803e","#888888","#000000","#ff71ce","#01cdfe","#05ffa1","#b967ff","#fffb96"],"is_common":false,"visible":true,"kind":"plot"}}