{"success":true,"parcel":{"id":5039,"hash":"b0e9c8c4d37e8ae36488669b25ab299396b084b8","features":[{"url":"","type":"cube","uuid":"cc6899cb-dbff-4336-bae4-1558b3c0fc49","scale":[0.5,0.5,0.5],"version":"22051","position":[0,1,1.25],"rotation":[0,0,0]},{"text":"A","type":"button","uuid":"55a5e785-02f3-4df2-aa52-bf99705d2f4a","scale":[0.5,0.5,0.5],"version":"22051","position":[1,0.75,0.25],"rotation":[0,0.7853981633974483,0]},{"url":"https://cdn.discordapp.com/attachments/869237544506777640/886292455186628608/Tree_eng.vox","type":"megavox","uuid":"7f8d4c7e-9143-4324-99a9-3badf87d02bc","flipX":true,"scale":[2,2.1,2],"version":"22051","position":[-1.25,0.75,3.25],"rotation":[0,1.571,-0.74],"animation":{"keyframes":[]}}],"settings":{"sandbox":false,"hosted_scripts":false},"voxels":"eJzt0rENACAMA0HYnNFZIQVIsXKX1kWK32c3uFVkO2Pb4er/VpfM0KP1998yg35Jpl+S6Zdk+iWZfkmmX5Lpl2T6JZl+SaZfkvXo90/rthO29buy2ZMw","owner":"0x2D891ED45C4C3EAB978513DF4B92a35Cf131d2e2","lightmap_status":"None","parcel_users":null,"description":null,"name":null,"label":null,"address":"11 Comma Separated Values Street","suburb":"Test Island","island":"Test Island","x1":4233,"y1":0,"z1":-29,"x2":4240,"y2":8,"z2":-18,"is_common":false,"visible":true,"kind":"plot"}}