{"success":true,"parcel":{"id":5042,"hash":"0ac3413cdc793f62bd2424fbf86a7fb33eac1a00","features":[{"url":"https://cdn.discordapp.com/attachments/697769684136755220/811296807316619305/c4.vox","type":"megavox","uuid":"a9205e17-f27b-4a51-bb5e-c590a142aa4d","flipX":true,"scale":[3.7,3.7,3.7],"script":"","version":"12291","position":[1,0.75,0.25],"rotation":[0,1.5708,0],"animation":{"keyframes":[]},"collidable":true}],"settings":{"sandbox":false,"hosted_scripts":false},"voxels":"eJzt2rENgDAQBEHcOaVTgQOkN0KrmQ8vcLKh170O3LVhs01u37a7W2DSmebfvwaTdE2RrinSNUW6pkjXFOmaIl1TpGuKdE2RrinSNUW6pkjXFOmaoj/9zbbZ5rb9PdB2Ztg=","owner":"0x2D891ED45C4C3EAB978513DF4B92a35Cf131d2e2","lightmap_status":"None","parcel_users":null,"description":null,"name":null,"label":null,"address":"13 American Standard Code For Information Interchange Circus","suburb":"Test Island","island":"Test Island","x1":4233,"y1":0,"z1":22,"x2":4242,"y2":13,"z2":29,"is_common":false,"visible":true,"kind":"plot"}}