{"success":true,"parcel":{"id":5058,"hash":"b3f19edc77a9965c32e7aed676ed764ea8e44fa7","features":[],"settings":{"sandbox":false,"hosted_scripts":false},"voxels":"eJzt1KEVACAMQ0HYnNFZoQJeIu5qI6r+Prvg1pCtra1t+7bh5v9OlwDtOlr9/luAdvoLkKG/ABn6C5ChvwAZ+guQob8AGfoLkKG/ABn6C5ChvwAZHf3902pbW1vb7u38Lg3ns3A=","owner":"0xf369c857fFD69106516103844844FCD2C1A70b4e","lightmap_status":"None","parcel_users":null,"description":null,"name":null,"label":null,"address":"19 Comma Separated Values Street","suburb":"Test Island","island":"Test Island","x1":4233,"y1":0,"z1":-44,"x2":4240,"y2":16,"z2":-33,"is_common":false,"visible":false,"kind":"plot"}}