{"success":true,"parcel":{"id":5175,"hash":"5528487d3df913d5debb9e0a323d78d402d2e5a6","features":[],"settings":{"sandbox":false,"hosted_scripts":false},"voxels":"eJzt2rENgDAQBEHcOaXTwQdIL5B2xuEFDtahz32WzzWw7+/f9p1W9u2/j/e3s0//Nv3b9G/Tv03/Nv3b9G/Tv03/Nv3b9G/Tv03/Nv3b9G/Tv03/Nv3b9G/Tv+3v/4Pt2/t8Hrv159g=","owner":"0x13816F65bA8195768E6825EB774FD3C6A05a0ac8","lightmap_status":"None","parcel_users":null,"description":null,"name":null,"label":null,"address":"59 51 Attack Street","suburb":"Satoshi","island":"Satoshi","x1":-759,"y1":0,"z1":369,"x2":-747,"y2":8,"z2":377,"is_common":false,"visible":true,"kind":"plot"}}