{"success":true,"parcel":{"id":627,"hash":"67b9432ccb94285b07258e4a376db85a910f2c67","features":[],"settings":{"sandbox":false,"hosted_scripts":false},"voxels":"eJzt2sEJgDAQRUGDpaUxSxcbSA4iD2HmN7C8845rLHdudvDKuv7Tfy5X3/93+rf0b+nf0r+lf0v/lv4t/Vv6t/Rv6d/Sv6V/S/+W/i39W/q39G/p39K/pX9r39//yZduJXPYkA==","owner":"0x0BC95F14395270A3c236cA1e15d77FB77b66C0a1","lightmap_status":"None","parcel_users":null,"description":null,"name":null,"label":null,"address":"72 Hook Street","suburb":"Makers","island":"Origin City","x1":243,"y1":0,"z1":2,"x2":255,"y2":6,"z2":10,"tileset":false,"is_common":false,"visible":true,"kind":"plot"}}