{"success":true,"parcel":{"id":66,"hash":"ad8a6d8c12f80cfd9c7a1dfbdb810029588f72f3","features":[],"settings":{"sandbox":false,"hosted_scripts":false},"voxels":"eJzt2zEKwCAUBcF48xw9J/hgEVCWGdtXCGvreteh82ywm3d3d9tZMTv3Dv67HTN92/Rt07dN3zZ92/Rt07dN3zZ92/Rt07dN3zZ92/Rt07dN3zZ92/Rt07dN3zZ92/Rt07dN3zZ92/Rt07dN3zZ92/Rt07dN37bKP3+7abd3PuTbUsY=","owner":"0x20D5A37486B4FcA7739Fe20F54a6C4FDb95d0FAD","lightmap_status":"None","parcel_users":null,"description":null,"name":null,"label":null,"address":"9 Buffer Crossing","suburb":"The Center","island":"Origin City","x1":-90,"y1":0,"z1":2,"x2":-72,"y2":6,"z2":12,"is_common":false,"visible":true,"kind":"plot"}}