{"success":true,"parcel":{"id":740,"hash":"ac2f1e289a13cf759f97f2688366f52f9ad497d6","features":[{"url":"https://opensea.io/assets/0x1d963688fe2209a98db35c67a041524822cf04ff/42944","type":"nft-image","uuid":"8b8bae85-ca08-4afa-bb1c-d340f4bfcd9c","color":false,"scale":[0.64,0.84,3.75],"inverted":false,"position":[-0.69,1.17,0.62],"rotation":[0.26,1.57,0]},{"url":"https://opensea.io/assets/0x1d963688fe2209a98db35c67a041524822cf04ff/42921","type":"nft-image","uuid":"36a14ea4-cca9-47f1-adc4-4e621981b059","color":false,"scale":[2.12,2.55,3.75],"inverted":false,"position":[0.96,3.85,1.01],"rotation":[0.06,3.14,0]},{"url":"https://opensea.io/assets/0x1d963688fe2209a98db35c67a041524822cf04ff/42948","type":"nft-image","uuid":"6c4979ed-2bff-446d-8a87-7a1371814ee0","scale":[0.71,0.9,3.75],"position":[-0.68,1.2,-0.12],"rotation":[0.26,1.57,0]},{"url":"https://opensea.io/assets/0x1d963688fe2209a98db35c67a041524822cf04ff/42943","type":"nft-image","uuid":"71aa5a25-c5b6-4568-9f69-e300728168d8","scale":[0.66,0.88,3.75],"position":[-0.18,2.04,-1.26],"rotation":[0.24,0.79,0]},{"url":"https://opensea.io/assets/0x1d963688fe2209a98db35c67a041524822cf04ff/42923","type":"nft-image","uuid":"8246f8cb-0e5e-43a4-bce1-a0ed9f7c0334","scale":[2.12,2.55,3.75],"position":[-0.17,3.85,-0.12],"rotation":[0.06,1.57,0]},{"url":"https://opensea.io/assets/0x1d963688fe2209a98db35c67a041524822cf04ff/42950","type":"nft-image","uuid":"acb5b4d3-9479-4166-bdbf-8e509c1f4d6a","scale":[0.8,1.06,3.75],"position":[-0.4,2.15,-0.56],"rotation":[0.18,1.57,0]},{"url":"https://opensea.io/assets/0x1d963688fe2209a98db35c67a041524822cf04ff/42920","type":"nft-image","uuid":"2ddd81e1-8bd1-4709-8e07-532893a11221","scale":[0.8,1.06,3.75],"position":[-0.4,2.15,0.32],"rotation":[0.18,1.57,0]},{"url":"https://gaia.blockstack.org/hub/1PcmC8gBFX12tK3KbtxB7CbeQpZYFmFZ4m/b0b1ee9d-c2f6-18fc-6a13-04e493522883","type":"vox-model","uuid":"55399a9a-67dd-4a28-9256-7184311beba0","flipX":true,"scale":[4,4,4],"position":[0.5,19.5,0.75],"rotation":[-0.39,-0.79,0.79]},{"url":"https://gaia.blockstack.org/hub/1PcmC8gBFX12tK3KbtxB7CbeQpZYFmFZ4m/16a5f806-e1ef-9def-66ed-51ffefc03f6f","type":"vox-model","uuid":"3dc08d9e-234c-440e-b464-4e0de77b23eb","flipX":true,"scale":[12,16,12],"position":[0,0,0],"rotation":[0,0,0]},{"url":"https://opensea.io/assets/0x1d963688fe2209a98db35c67a041524822cf04ff/42941","type":"vox-model","uuid":"36542b42-f9bd-4fc7-8660-81dc23c9fb18","flipX":true,"scale":[0.5,0.5,0.5],"position":[-1,0.75,1.5],"rotation":[0,1.5707963267948966,0]},{"url":"https://opensea.io/assets/0x1d963688fe2209a98db35c67a041524822cf04ff/42940","type":"nft-image","uuid":"d7808ec7-9ae9-416f-984c-50baae8c9f32","color":false,"scale":[0.64,0.84,3.75],"inverted":false,"position":[-0.42,1.17,-1.5],"rotation":[0.26,0.79,0]},{"url":"https://opensea.io/assets/0x1d963688fe2209a98db35c67a041524822cf04ff/42931","type":"nft-image","uuid":"229608a9-a537-4755-83da-60e0e55c0fd3","scale":[0.64,0.84,3.75],"position":[-0.42,1.17,1.25],"rotation":[0.26,2.36,0]},{"url":"https://opensea.io/assets/0x1d963688fe2209a98db35c67a041524822cf04ff/42949","type":"nft-image","uuid":"2eeace44-41c7-469a-836d-5d4979036c1b","color":false,"scale":[0.64,0.84,3.75],"inverted":false,"position":[-0.69,1.17,-0.86],"rotation":[0.26,1.57,0]}],"settings":{"sandbox":false,"hosted_scripts":false},"voxels":"eJzt0kERACAMwDDmHOmI6O3DJbXQubPa4Wu79/jnd/6h8A+Ffyj8Q+EfCv9Q+IfCPxT+ofAPhX8o/EPhHwr/UPiHwj8U/qHwD4V/KPxD4R8K/1D4h8I/FP6h8A+Ffyj8Q+EfCv9QPHmMBi4=","owner":"0xCb7E9e305FA4Afa4CF5B414120c560ad3ed75A53","lightmap_status":"None","parcel_users":null,"description":null,"name":null,"label":null,"address":"3 Steelman Crescent","suburb":"Scripting","island":"Origin City","x1":-103,"y1":0,"z1":246,"x2":-87,"y2":6,"z2":258,"tileset":"/uploads/atlas/809820da544865e4099301808602bbb7d4716c55.png","palette":["#ffffff","#888888","#000000","#ff71ce","#01cdfe","#05ffa1","#b967ff","#fffb96"],"is_common":false,"visible":true,"kind":"plot"}}