{"success":true,"parcel":{"id":840,"hash":"01764e795d9b36c755e94737c355b354f4fed7a8","features":[],"settings":{"sandbox":false,"hosted_scripts":false},"voxels":"eJzt0rEJADEMBMF351+6e1BgVjCj+ALBnv8suW/ArrPbcrP/Jis69nT97js69EmZPinTJ2X6pEyflOmTsj19vu3arrKb3QVFWnLw","owner":"0x0ba6A24246ab3cfc9d843373D76D8FD7fd7a3430","lightmap_status":"None","parcel_users":null,"description":null,"name":null,"label":null,"address":"6 Comma Passage","suburb":"Scripting","island":"Origin City","x1":48,"y1":0,"z1":276,"x2":53,"y2":6,"z2":290,"is_common":false,"visible":true,"kind":"plot"}}