{"success":true,"parcel":{"id":917,"hash":"e547d71c0ddaf8f9efb399649812abb010be5958","features":[],"settings":{"sandbox":false,"hosted_scripts":false},"voxels":"eJzt1LENwAAMw7D2857eIzwIAcjMHrLo/d7j9wzs7e23/fXb/l/WwOZ+v7rvgY3+ABX9ASr6A1T0B6joD1DRH6CiP0BFf4CK/gAV/QEq+gNU9Aeo6A9Q0R+goj9ARX+Ayv3+tP2yt7df9tv9YwAGLg==","owner":"0xE7079Eec020DDfC3F1c0abe1D946C55E6Ed30eB3","lightmap_status":"None","parcel_users":null,"description":null,"name":null,"label":null,"address":"2 Scrum Street","suburb":"Doom","island":"Origin City","x1":-115,"y1":0,"z1":-288,"x2":-105,"y2":9,"z2":-272,"tileset":null,"brightness":null,"palette":null,"vox":null,"is_common":false,"visible":true,"kind":"plot"}}