{"success":true,"parcel":{"id":982,"hash":"8a3330a267a73b958bb91071889b866cb388d367","features":[],"settings":{"sandbox":false,"hosted_scripts":false},"voxels":"eJzt0rEJADEMBMF351+6e1BgVjCj+ALBnv8suW/ArrPbcrP/Jis69nT97js69EmZPinTJ2X6pEyflOmTMn1Spk/K9EmZPinb0+fbru0qu9ldT8br4A==","owner":"0xBd4Eb0295468c80725017f74113F5AebBD6e8D12","lightmap_status":"None","parcel_users":null,"description":null,"name":null,"label":null,"address":"33 Bayes Fort","suburb":"Scripting","island":"Origin City","x1":-163,"y1":0,"z1":259,"x2":-156,"y2":6,"z2":273,"tileset":null,"brightness":null,"palette":null,"vox":null,"is_common":false,"visible":true,"kind":"plot"}}